--
-- PostgreSQL database dump
--

-- Dumped from database version 13.16
-- Dumped by pg_dump version 13.16

SET statement_timeout = 0;
SET lock_timeout = 0;
SET idle_in_transaction_session_timeout = 0;
SET client_encoding = 'UTF8';
SET standard_conforming_strings = on;
SELECT pg_catalog.set_config('search_path', '', false);
SET check_function_bodies = false;
SET xmloption = content;
SET client_min_messages = warning;
SET row_security = off;

SET default_tablespace = '';

SET default_table_access_method = heap;

--
-- Name: auth_group; Type: TABLE; Schema: public; Owner: jortega
--

CREATE TABLE public.auth_group (
    id integer NOT NULL,
    name character varying(150) NOT NULL
);


ALTER TABLE public.auth_group OWNER TO jortega;

--
-- Name: auth_group_id_seq; Type: SEQUENCE; Schema: public; Owner: jortega
--

ALTER TABLE public.auth_group ALTER COLUMN id ADD GENERATED BY DEFAULT AS IDENTITY (
    SEQUENCE NAME public.auth_group_id_seq
    START WITH 1
    INCREMENT BY 1
    NO MINVALUE
    NO MAXVALUE
    CACHE 1
);


--
-- Name: auth_group_permissions; Type: TABLE; Schema: public; Owner: jortega
--

CREATE TABLE public.auth_group_permissions (
    id bigint NOT NULL,
    group_id integer NOT NULL,
    permission_id integer NOT NULL
);


ALTER TABLE public.auth_group_permissions OWNER TO jortega;

--
-- Name: auth_group_permissions_id_seq; Type: SEQUENCE; Schema: public; Owner: jortega
--

ALTER TABLE public.auth_group_permissions ALTER COLUMN id ADD GENERATED BY DEFAULT AS IDENTITY (
    SEQUENCE NAME public.auth_group_permissions_id_seq
    START WITH 1
    INCREMENT BY 1
    NO MINVALUE
    NO MAXVALUE
    CACHE 1
);


--
-- Name: auth_permission; Type: TABLE; Schema: public; Owner: jortega
--

CREATE TABLE public.auth_permission (
    id integer NOT NULL,
    name character varying(255) NOT NULL,
    content_type_id integer NOT NULL,
    codename character varying(100) NOT NULL
);


ALTER TABLE public.auth_permission OWNER TO jortega;

--
-- Name: auth_permission_id_seq; Type: SEQUENCE; Schema: public; Owner: jortega
--

ALTER TABLE public.auth_permission ALTER COLUMN id ADD GENERATED BY DEFAULT AS IDENTITY (
    SEQUENCE NAME public.auth_permission_id_seq
    START WITH 1
    INCREMENT BY 1
    NO MINVALUE
    NO MAXVALUE
    CACHE 1
);


--
-- Name: colegioapp_apoderado; Type: TABLE; Schema: public; Owner: jortega
--

CREATE TABLE public.colegioapp_apoderado (
    usuario_id bigint NOT NULL,
    parentesco character varying(50) NOT NULL
);


ALTER TABLE public.colegioapp_apoderado OWNER TO jortega;

--
-- Name: colegioapp_apoderado_alumnos; Type: TABLE; Schema: public; Owner: jortega
--

CREATE TABLE public.colegioapp_apoderado_alumnos (
    id bigint NOT NULL,
    apoderado_id bigint NOT NULL,
    usuario_id bigint NOT NULL
);


ALTER TABLE public.colegioapp_apoderado_alumnos OWNER TO jortega;

--
-- Name: colegioapp_apoderado_alumnos_id_seq; Type: SEQUENCE; Schema: public; Owner: jortega
--

ALTER TABLE public.colegioapp_apoderado_alumnos ALTER COLUMN id ADD GENERATED BY DEFAULT AS IDENTITY (
    SEQUENCE NAME public.colegioapp_apoderado_alumnos_id_seq
    START WITH 1
    INCREMENT BY 1
    NO MINVALUE
    NO MAXVALUE
    CACHE 1
);


--
-- Name: colegioapp_asignacionprofesorsede; Type: TABLE; Schema: public; Owner: jortega
--

CREATE TABLE public.colegioapp_asignacionprofesorsede (
    id bigint NOT NULL,
    usuario_id bigint NOT NULL,
    sede_id bigint NOT NULL
);


ALTER TABLE public.colegioapp_asignacionprofesorsede OWNER TO jortega;

--
-- Name: colegioapp_asignacionprofesorsede_dias_trabajados; Type: TABLE; Schema: public; Owner: jortega
--

CREATE TABLE public.colegioapp_asignacionprofesorsede_dias_trabajados (
    id bigint NOT NULL,
    asignacionprofesorsede_id bigint NOT NULL,
    diasemana_id bigint NOT NULL
);


ALTER TABLE public.colegioapp_asignacionprofesorsede_dias_trabajados OWNER TO jortega;

--
-- Name: colegioapp_asignacionprofesorsede_dias_trabajados_id_seq; Type: SEQUENCE; Schema: public; Owner: jortega
--

ALTER TABLE public.colegioapp_asignacionprofesorsede_dias_trabajados ALTER COLUMN id ADD GENERATED BY DEFAULT AS IDENTITY (
    SEQUENCE NAME public.colegioapp_asignacionprofesorsede_dias_trabajados_id_seq
    START WITH 1
    INCREMENT BY 1
    NO MINVALUE
    NO MAXVALUE
    CACHE 1
);


--
-- Name: colegioapp_asignacionprofesorsede_id_seq; Type: SEQUENCE; Schema: public; Owner: jortega
--

ALTER TABLE public.colegioapp_asignacionprofesorsede ALTER COLUMN id ADD GENERATED BY DEFAULT AS IDENTITY (
    SEQUENCE NAME public.colegioapp_asignacionprofesorsede_id_seq
    START WITH 1
    INCREMENT BY 1
    NO MINVALUE
    NO MAXVALUE
    CACHE 1
);


--
-- Name: colegioapp_asignatura; Type: TABLE; Schema: public; Owner: jortega
--

CREATE TABLE public.colegioapp_asignatura (
    id bigint NOT NULL,
    nombre character varying(100) NOT NULL,
    codigo character varying(10) NOT NULL,
    descripcion text NOT NULL,
    profesor_id bigint,
    curso_id bigint,
    sede_id bigint NOT NULL
);


ALTER TABLE public.colegioapp_asignatura OWNER TO jortega;

--
-- Name: colegioapp_asignatura_id_seq; Type: SEQUENCE; Schema: public; Owner: jortega
--

ALTER TABLE public.colegioapp_asignatura ALTER COLUMN id ADD GENERATED BY DEFAULT AS IDENTITY (
    SEQUENCE NAME public.colegioapp_asignatura_id_seq
    START WITH 1
    INCREMENT BY 1
    NO MINVALUE
    NO MAXVALUE
    CACHE 1
);


--
-- Name: colegioapp_calificacion; Type: TABLE; Schema: public; Owner: jortega
--

CREATE TABLE public.colegioapp_calificacion (
    id bigint NOT NULL,
    nota numeric(4,2) NOT NULL,
    semestre integer NOT NULL,
    tipo character varying(20) NOT NULL,
    asignatura_id bigint NOT NULL,
    profesor_id bigint NOT NULL,
    matricula_id bigint NOT NULL,
    especificacion character varying(255)
);


ALTER TABLE public.colegioapp_calificacion OWNER TO jortega;

--
-- Name: colegioapp_calificacion_id_seq; Type: SEQUENCE; Schema: public; Owner: jortega
--

ALTER TABLE public.colegioapp_calificacion ALTER COLUMN id ADD GENERATED BY DEFAULT AS IDENTITY (
    SEQUENCE NAME public.colegioapp_calificacion_id_seq
    START WITH 1
    INCREMENT BY 1
    NO MINVALUE
    NO MAXVALUE
    CACHE 1
);


--
-- Name: colegioapp_curso; Type: TABLE; Schema: public; Owner: jortega
--

CREATE TABLE public.colegioapp_curso (
    id bigint NOT NULL,
    nombre character varying(50) NOT NULL,
    nivel character varying(20) NOT NULL,
    "año" integer NOT NULL,
    profesor_jefe_id bigint,
    sede_id bigint NOT NULL
);


ALTER TABLE public.colegioapp_curso OWNER TO jortega;

--
-- Name: colegioapp_curso_id_seq; Type: SEQUENCE; Schema: public; Owner: jortega
--

ALTER TABLE public.colegioapp_curso ALTER COLUMN id ADD GENERATED BY DEFAULT AS IDENTITY (
    SEQUENCE NAME public.colegioapp_curso_id_seq
    START WITH 1
    INCREMENT BY 1
    NO MINVALUE
    NO MAXVALUE
    CACHE 1
);


--
-- Name: colegioapp_diasemana; Type: TABLE; Schema: public; Owner: jortega
--

CREATE TABLE public.colegioapp_diasemana (
    id bigint NOT NULL,
    nombre character varying(10) NOT NULL
);


ALTER TABLE public.colegioapp_diasemana OWNER TO jortega;

--
-- Name: colegioapp_diasemana_id_seq; Type: SEQUENCE; Schema: public; Owner: jortega
--

ALTER TABLE public.colegioapp_diasemana ALTER COLUMN id ADD GENERATED BY DEFAULT AS IDENTITY (
    SEQUENCE NAME public.colegioapp_diasemana_id_seq
    START WITH 1
    INCREMENT BY 1
    NO MINVALUE
    NO MAXVALUE
    CACHE 1
);


--
-- Name: colegioapp_horario; Type: TABLE; Schema: public; Owner: jortega
--

CREATE TABLE public.colegioapp_horario (
    id bigint NOT NULL,
    hora_inicio time without time zone NOT NULL,
    hora_fin time without time zone NOT NULL,
    asignacion_profesor_sede_id bigint NOT NULL,
    asignatura_id bigint NOT NULL,
    curso_id bigint NOT NULL,
    dia_id bigint NOT NULL
);


ALTER TABLE public.colegioapp_horario OWNER TO jortega;

--
-- Name: colegioapp_horario_id_seq; Type: SEQUENCE; Schema: public; Owner: jortega
--

ALTER TABLE public.colegioapp_horario ALTER COLUMN id ADD GENERATED BY DEFAULT AS IDENTITY (
    SEQUENCE NAME public.colegioapp_horario_id_seq
    START WITH 1
    INCREMENT BY 1
    NO MINVALUE
    NO MAXVALUE
    CACHE 1
);


--
-- Name: colegioapp_matricula; Type: TABLE; Schema: public; Owner: jortega
--

CREATE TABLE public.colegioapp_matricula (
    id bigint NOT NULL,
    "año" integer NOT NULL,
    estado character varying(20) NOT NULL,
    fecha_creacion timestamp with time zone NOT NULL,
    alumno_id bigint NOT NULL,
    curso_id bigint NOT NULL,
    usuario_creacion_id bigint,
    sede_id bigint NOT NULL
);


ALTER TABLE public.colegioapp_matricula OWNER TO jortega;

--
-- Name: colegioapp_matricula_id_seq; Type: SEQUENCE; Schema: public; Owner: jortega
--

ALTER TABLE public.colegioapp_matricula ALTER COLUMN id ADD GENERATED BY DEFAULT AS IDENTITY (
    SEQUENCE NAME public.colegioapp_matricula_id_seq
    START WITH 1
    INCREMENT BY 1
    NO MINVALUE
    NO MAXVALUE
    CACHE 1
);


--
-- Name: colegioapp_pagomensualidad; Type: TABLE; Schema: public; Owner: jortega
--

CREATE TABLE public.colegioapp_pagomensualidad (
    id bigint NOT NULL,
    mes character varying(20) NOT NULL,
    "año" integer NOT NULL,
    monto numeric(10,2) NOT NULL,
    fecha_pago date,
    estado character varying(20) NOT NULL,
    matricula_id bigint NOT NULL,
    CONSTRAINT "año_no_futuro" CHECK (("año" <= 2025))
);


ALTER TABLE public.colegioapp_pagomensualidad OWNER TO jortega;

--
-- Name: colegioapp_pagomensualidad_id_seq; Type: SEQUENCE; Schema: public; Owner: jortega
--

ALTER TABLE public.colegioapp_pagomensualidad ALTER COLUMN id ADD GENERATED BY DEFAULT AS IDENTITY (
    SEQUENCE NAME public.colegioapp_pagomensualidad_id_seq
    START WITH 1
    INCREMENT BY 1
    NO MINVALUE
    NO MAXVALUE
    CACHE 1
);


--
-- Name: colegioapp_registroasistencia; Type: TABLE; Schema: public; Owner: jortega
--

CREATE TABLE public.colegioapp_registroasistencia (
    id bigint NOT NULL,
    fecha_hora timestamp with time zone NOT NULL,
    estado character varying(20) NOT NULL,
    asignatura_id bigint NOT NULL,
    matricula_id bigint NOT NULL
);


ALTER TABLE public.colegioapp_registroasistencia OWNER TO jortega;

--
-- Name: colegioapp_registroasistencia_id_seq; Type: SEQUENCE; Schema: public; Owner: jortega
--

ALTER TABLE public.colegioapp_registroasistencia ALTER COLUMN id ADD GENERATED BY DEFAULT AS IDENTITY (
    SEQUENCE NAME public.colegioapp_registroasistencia_id_seq
    START WITH 1
    INCREMENT BY 1
    NO MINVALUE
    NO MAXVALUE
    CACHE 1
);


--
-- Name: colegioapp_sede; Type: TABLE; Schema: public; Owner: jortega
--

CREATE TABLE public.colegioapp_sede (
    id bigint NOT NULL,
    nombre character varying(100) NOT NULL,
    direccion text NOT NULL,
    ciudad character varying(100) NOT NULL,
    region character varying(100) NOT NULL,
    telefono character varying(15) NOT NULL,
    email character varying(254) NOT NULL
);


ALTER TABLE public.colegioapp_sede OWNER TO jortega;

--
-- Name: colegioapp_sede_id_seq; Type: SEQUENCE; Schema: public; Owner: jortega
--

ALTER TABLE public.colegioapp_sede ALTER COLUMN id ADD GENERATED BY DEFAULT AS IDENTITY (
    SEQUENCE NAME public.colegioapp_sede_id_seq
    START WITH 1
    INCREMENT BY 1
    NO MINVALUE
    NO MAXVALUE
    CACHE 1
);


--
-- Name: colegioapp_usuario; Type: TABLE; Schema: public; Owner: jortega
--

CREATE TABLE public.colegioapp_usuario (
    id bigint NOT NULL,
    password character varying(128) NOT NULL,
    last_login timestamp with time zone,
    is_superuser boolean NOT NULL,
    username character varying(150) NOT NULL,
    first_name character varying(150) NOT NULL,
    last_name character varying(150) NOT NULL,
    email character varying(254) NOT NULL,
    is_staff boolean NOT NULL,
    is_active boolean NOT NULL,
    date_joined timestamp with time zone NOT NULL,
    rol character varying(20) NOT NULL,
    rut character varying(12) NOT NULL,
    telefono character varying(15),
    direccion text,
    fecha_nacimiento date
);


ALTER TABLE public.colegioapp_usuario OWNER TO jortega;

--
-- Name: colegioapp_usuario_groups; Type: TABLE; Schema: public; Owner: jortega
--

CREATE TABLE public.colegioapp_usuario_groups (
    id bigint NOT NULL,
    usuario_id bigint NOT NULL,
    group_id integer NOT NULL
);


ALTER TABLE public.colegioapp_usuario_groups OWNER TO jortega;

--
-- Name: colegioapp_usuario_groups_id_seq; Type: SEQUENCE; Schema: public; Owner: jortega
--

ALTER TABLE public.colegioapp_usuario_groups ALTER COLUMN id ADD GENERATED BY DEFAULT AS IDENTITY (
    SEQUENCE NAME public.colegioapp_usuario_groups_id_seq
    START WITH 1
    INCREMENT BY 1
    NO MINVALUE
    NO MAXVALUE
    CACHE 1
);


--
-- Name: colegioapp_usuario_id_seq; Type: SEQUENCE; Schema: public; Owner: jortega
--

ALTER TABLE public.colegioapp_usuario ALTER COLUMN id ADD GENERATED BY DEFAULT AS IDENTITY (
    SEQUENCE NAME public.colegioapp_usuario_id_seq
    START WITH 1
    INCREMENT BY 1
    NO MINVALUE
    NO MAXVALUE
    CACHE 1
);


--
-- Name: colegioapp_usuario_user_permissions; Type: TABLE; Schema: public; Owner: jortega
--

CREATE TABLE public.colegioapp_usuario_user_permissions (
    id bigint NOT NULL,
    usuario_id bigint NOT NULL,
    permission_id integer NOT NULL
);


ALTER TABLE public.colegioapp_usuario_user_permissions OWNER TO jortega;

--
-- Name: colegioapp_usuario_user_permissions_id_seq; Type: SEQUENCE; Schema: public; Owner: jortega
--

ALTER TABLE public.colegioapp_usuario_user_permissions ALTER COLUMN id ADD GENERATED BY DEFAULT AS IDENTITY (
    SEQUENCE NAME public.colegioapp_usuario_user_permissions_id_seq
    START WITH 1
    INCREMENT BY 1
    NO MINVALUE
    NO MAXVALUE
    CACHE 1
);


--
-- Name: django_admin_log; Type: TABLE; Schema: public; Owner: jortega
--

CREATE TABLE public.django_admin_log (
    id integer NOT NULL,
    action_time timestamp with time zone NOT NULL,
    object_id text,
    object_repr character varying(200) NOT NULL,
    action_flag smallint NOT NULL,
    change_message text NOT NULL,
    content_type_id integer,
    user_id bigint NOT NULL,
    CONSTRAINT django_admin_log_action_flag_check CHECK ((action_flag >= 0))
);


ALTER TABLE public.django_admin_log OWNER TO jortega;

--
-- Name: django_admin_log_id_seq; Type: SEQUENCE; Schema: public; Owner: jortega
--

ALTER TABLE public.django_admin_log ALTER COLUMN id ADD GENERATED BY DEFAULT AS IDENTITY (
    SEQUENCE NAME public.django_admin_log_id_seq
    START WITH 1
    INCREMENT BY 1
    NO MINVALUE
    NO MAXVALUE
    CACHE 1
);


--
-- Name: django_content_type; Type: TABLE; Schema: public; Owner: jortega
--

CREATE TABLE public.django_content_type (
    id integer NOT NULL,
    app_label character varying(100) NOT NULL,
    model character varying(100) NOT NULL
);


ALTER TABLE public.django_content_type OWNER TO jortega;

--
-- Name: django_content_type_id_seq; Type: SEQUENCE; Schema: public; Owner: jortega
--

ALTER TABLE public.django_content_type ALTER COLUMN id ADD GENERATED BY DEFAULT AS IDENTITY (
    SEQUENCE NAME public.django_content_type_id_seq
    START WITH 1
    INCREMENT BY 1
    NO MINVALUE
    NO MAXVALUE
    CACHE 1
);


--
-- Name: django_migrations; Type: TABLE; Schema: public; Owner: jortega
--

CREATE TABLE public.django_migrations (
    id bigint NOT NULL,
    app character varying(255) NOT NULL,
    name character varying(255) NOT NULL,
    applied timestamp with time zone NOT NULL
);


ALTER TABLE public.django_migrations OWNER TO jortega;

--
-- Name: django_migrations_id_seq; Type: SEQUENCE; Schema: public; Owner: jortega
--

ALTER TABLE public.django_migrations ALTER COLUMN id ADD GENERATED BY DEFAULT AS IDENTITY (
    SEQUENCE NAME public.django_migrations_id_seq
    START WITH 1
    INCREMENT BY 1
    NO MINVALUE
    NO MAXVALUE
    CACHE 1
);


--
-- Name: django_session; Type: TABLE; Schema: public; Owner: jortega
--

CREATE TABLE public.django_session (
    session_key character varying(40) NOT NULL,
    session_data text NOT NULL,
    expire_date timestamp with time zone NOT NULL
);


ALTER TABLE public.django_session OWNER TO jortega;

--
-- Data for Name: auth_group; Type: TABLE DATA; Schema: public; Owner: jortega
--

COPY public.auth_group (id, name) FROM stdin;
\.


--
-- Data for Name: auth_group_permissions; Type: TABLE DATA; Schema: public; Owner: jortega
--

COPY public.auth_group_permissions (id, group_id, permission_id) FROM stdin;
\.


--
-- Data for Name: auth_permission; Type: TABLE DATA; Schema: public; Owner: jortega
--

COPY public.auth_permission (id, name, content_type_id, codename) FROM stdin;
1	Can add log entry	1	add_logentry
2	Can change log entry	1	change_logentry
3	Can delete log entry	1	delete_logentry
4	Can view log entry	1	view_logentry
5	Can add permission	2	add_permission
6	Can change permission	2	change_permission
7	Can delete permission	2	delete_permission
8	Can view permission	2	view_permission
9	Can add group	3	add_group
10	Can change group	3	change_group
11	Can delete group	3	delete_group
12	Can view group	3	view_group
13	Can add content type	4	add_contenttype
14	Can change content type	4	change_contenttype
15	Can delete content type	4	delete_contenttype
16	Can view content type	4	view_contenttype
17	Can add session	5	add_session
18	Can change session	5	change_session
19	Can delete session	5	delete_session
20	Can view session	5	view_session
21	Can add user	6	add_usuario
22	Can change user	6	change_usuario
23	Can delete user	6	delete_usuario
24	Can view user	6	view_usuario
25	Can add dia semana	7	add_diasemana
26	Can change dia semana	7	change_diasemana
27	Can delete dia semana	7	delete_diasemana
28	Can view dia semana	7	view_diasemana
29	Can add sede	8	add_sede
30	Can change sede	8	change_sede
31	Can delete sede	8	delete_sede
32	Can view sede	8	view_sede
33	Can add curso	9	add_curso
34	Can change curso	9	change_curso
35	Can delete curso	9	delete_curso
36	Can view curso	9	view_curso
37	Can add asignatura	10	add_asignatura
38	Can change asignatura	10	change_asignatura
39	Can delete asignatura	10	delete_asignatura
40	Can view asignatura	10	view_asignatura
41	Can add asignacion profesor sede	11	add_asignacionprofesorsede
42	Can change asignacion profesor sede	11	change_asignacionprofesorsede
43	Can delete asignacion profesor sede	11	delete_asignacionprofesorsede
44	Can view asignacion profesor sede	11	view_asignacionprofesorsede
45	Can add horario	12	add_horario
46	Can change horario	12	change_horario
47	Can delete horario	12	delete_horario
48	Can view horario	12	view_horario
49	Can add matricula	13	add_matricula
50	Can change matricula	13	change_matricula
51	Can delete matricula	13	delete_matricula
52	Can view matricula	13	view_matricula
53	Can add apoderado	14	add_apoderado
54	Can change apoderado	14	change_apoderado
55	Can delete apoderado	14	delete_apoderado
56	Can view apoderado	14	view_apoderado
57	Can add calificacion	15	add_calificacion
58	Can change calificacion	15	change_calificacion
59	Can delete calificacion	15	delete_calificacion
60	Can view calificacion	15	view_calificacion
61	Can add pago mensualidad	16	add_pagomensualidad
62	Can change pago mensualidad	16	change_pagomensualidad
63	Can delete pago mensualidad	16	delete_pagomensualidad
64	Can view pago mensualidad	16	view_pagomensualidad
65	Can add registro asistencia	17	add_registroasistencia
66	Can change registro asistencia	17	change_registroasistencia
67	Can delete registro asistencia	17	delete_registroasistencia
68	Can view registro asistencia	17	view_registroasistencia
\.


--
-- Data for Name: colegioapp_apoderado; Type: TABLE DATA; Schema: public; Owner: jortega
--

COPY public.colegioapp_apoderado (usuario_id, parentesco) FROM stdin;
\.


--
-- Data for Name: colegioapp_apoderado_alumnos; Type: TABLE DATA; Schema: public; Owner: jortega
--

COPY public.colegioapp_apoderado_alumnos (id, apoderado_id, usuario_id) FROM stdin;
\.


--
-- Data for Name: colegioapp_asignacionprofesorsede; Type: TABLE DATA; Schema: public; Owner: jortega
--

COPY public.colegioapp_asignacionprofesorsede (id, usuario_id, sede_id) FROM stdin;
\.


--
-- Data for Name: colegioapp_asignacionprofesorsede_dias_trabajados; Type: TABLE DATA; Schema: public; Owner: jortega
--

COPY public.colegioapp_asignacionprofesorsede_dias_trabajados (id, asignacionprofesorsede_id, diasemana_id) FROM stdin;
\.


--
-- Data for Name: colegioapp_asignatura; Type: TABLE DATA; Schema: public; Owner: jortega
--

COPY public.colegioapp_asignatura (id, nombre, codigo, descripcion, profesor_id, curso_id, sede_id) FROM stdin;
11	Taller de Escritura	TE-SAET25	Taller Escritura	2	8	1
12	Taller de Lectura	TDL-SAET25	Taller de Lectura	2	8	1
22	Taller de Escritura	TE-SAEM25	Taller Escritura	2	9	1
23	Taller de Lectura	TDL-SAEM25	Taller de Lectura	2	9	1
28	Alfa y Omega	AYO-LEO25	Matematica	2	10	1
29	Buscadores de Historia	BDY-LEO25	Historia	2	10	1
30	Creacion en Palabras	CEO-LEO25	Lenguaje	2	10	1
31	Living Language	LL-LEO25	Ingles	2	10	1
32	Artifices	ART-LEO25	Artes visuales	2	10	1
33	Taller D y C	TDC-LEO25	Taller	2	10	1
34	Taller Alfa y Omega	TAO-LEO25	Taller Matematica	2	10	1
35	Taller de Escritura	TDE-LEO25	Taller escritura	2	10	1
36	Taller de Lectura	TDL-LEO25	Taller Lectura	2	10	1
4	Creacion en Palabras	CEP-SAET25	Creación en Palabras	25	8	1
5	Buscadores de Historia	BDH-SAET25	Historia y Geografia	5	8	1
6	Alfa y Omega	AYO-SAET25	Matematicas	6	8	1
7	Living Language	LL-SAET25	INGLES	24	8	1
8	Artifices	ART-SAET25	Artes	25	8	1
9	Taller D y C	TDC-SAET25	Taller	25	8	1
10	Taller Alfa y Omega	TAO-SAET25	Taller Matematicas	6	8	1
13	Fundamentos Para la Vida	FPV-SAET25	Biblia	20	8	1
14	Cultivando Mente y Cuerpo	CMC-SAET25	Educacion Fisica	23	8	1
15	Dios y la Ciencia	DYC-SAET25	Ciencias	5	8	1
16	Buscadores de Historia	BDH-SAEM25	Historia y Geografia	5	9	1
17	Alfa y Omega	AYO-SAEM25	Matematicas	6	9	1
18	Living Language	LL-SAEM25	INGLES	24	9	1
19	Artifices	ART-SAEM25	Artes	25	9	1
20	Taller D y C	TDC-SAEM25	Taller	25	9	1
21	Taller Alfa y Omega	TAO-SAEM25	Taller Matematicas	6	9	1
24	Fundamentos Para la Vida	FPV-SAEM25	Biblia	20	9	1
25	Cultivando Mente y Cuerpo	CMC-SAEM25	Educacion Fisica	23	9	1
26	Dios y la Ciencia	DYC-SAEM25	Ciencias	5	9	1
27	Creacion en Palabras	CEP-SAEM25	Creacion en Palabras	25	9	1
37	Fundamentos Para la Vida	FPV-LEO25	Dios	2	10	1
38	Cultivando Mente y Cuerpo	CMC-LEO25	Educacion Fisica	2	10	1
39	Dios y la Ciencia	DYC-LEO25	Ciencias	2	10	1
40	Alfa y Omega	AYO-LEOM25	Matematica	2	11	1
41	Buscadores de Historia	BDY-LEOM25	Historia	2	11	1
42	Creacion en Palabras	CEO-LEOM25	Lenguaje	2	11	1
43	Living Language	LL-LEOM25	Ingles	2	11	1
44	Artifices	ART-LEOM25	Artes visuales	2	11	1
45	Taller D y C	TDC-LEOM25	Taller	2	11	1
46	Taller Alfa y Omega	TAO-LEOM25	Taller Matematica	2	11	1
47	Taller de Escritura	TDE-LEOM25	Taller escritura	2	11	1
48	Taller de Lectura	TDL-LEOM25	Taller Lectura	2	11	1
49	Fundamentos Para la Vida	FPV-LEOM25	Dios	2	11	1
50	Cultivando Mente y Cuerpo	CMC-LEOM25	Educacion Fisica	2	11	1
51	Dios y la Ciencia	DYC-LEOM25	Ciencias	2	11	1
52	Alfa y Omega	AYO-VAL25	Matematica	2	12	1
53	Buscadores de Historia	BDY-VAL25	Historia	2	12	1
54	Creacion en Palabras	CEO-VAL25	Lenguaje	2	12	1
55	Living Language	LL-VAL25	Ingles	2	12	1
56	Artifices	ART-VAL25	Artes visuales	2	12	1
57	Fundamentos Para la Vida	FPV-VAL25	Dios	2	12	1
58	Cultivando Mente y Cuerpo	CMC-VAL25	Educacion Fisica	2	12	1
59	Dios y la Ciencia	DYC-VAL25	Ciencias	2	12	1
60	Taller de Teatro	TDT-VAL25	Teatro	2	12	1
61	Taller de Geometria	TDG-VAL25	Matematicas	2	12	1
62	Alfa y Omega	AYO-VALM25	Matematicas	2	13	1
63	Buscadores de Historia	BDY-VALM25	Historia	2	13	1
64	Creacion en Palabras	CEO-VALM25	Lenguaje	2	13	1
65	Living Language	LL-VALM25	Ingles	2	13	1
66	Artifices	ART-VALM25	Artes visuales	2	13	1
67	Fundamentos Para la Vida	FPV-VALM25	Dios	2	13	1
68	Cultivando Mente y Cuerpo	CMC-VALM25	Educacion Fisica	2	13	1
69	Dios y la Ciencia	DYC-VALM25	Ciencias	2	13	1
70	Taller de Teatro	TDT-VALM25	Teatro	2	13	1
71	Taller de Geometria	TDG-VALM25	Matematicas	2	13	1
72	Artifices	ART-AG25	Artes visuales	2	14	1
73	Living Language	LIV-AG25	Ingles	2	14	1
74	Creacion en Palabras	CRE-AG25	Lenguaje	2	14	1
75	Dios y la Ciencia	DIO-AG25	Ciencias	2	14	1
76	Fundamentos Para la Vida	FUN-AG25	Religion	2	14	1
77	Taller de Teatro	TET-AG25	Teatro	2	14	1
78	Alfa y Omega	ALF-AG25	Matematicas	2	14	1
79	Taller de Geometria	TAL-AG25	Taller Geometria	2	14	1
80	Cultivando Mente y Cuerpo	CUL-AG25	Educacion Fisica	2	14	1
81	Buscadores de Historia	BUS-AG25	Historia	2	14	1
82	Artifices	ART-AGM25	Artes visuales	2	15	1
83	Living Language	LIV-AGM25	Ingles	2	15	1
84	Creacion en Palabras	CRE-AGM25	Lenguaje	2	15	1
85	Dios y la Ciencia	DIO-AGM25	Ciencias	2	15	1
86	Fundamentos Para la Vida	FUN-AGM25	Religion	2	15	1
87	Taller de Teatro	TAL-AGM25	Teatro	2	15	1
88	Alfa y Omega	ALF-AGM25	Matematicas	2	15	1
89	Taller de Geometria	TAG-AGM25	Taller Geometria	2	15	1
90	Cultivando Mente y Cuerpo	CUL-AGM25	Educacion Fisica	2	15	1
91	Buscadores de Historia	BUS-AGM25	Historia	2	15	1
92	Creacion en Palabras	CRE-TEJ25	Lenguaje	2	16	1
93	Living Language	LIV-TEJ25	Ingles	2	16	1
94	Fisica T1 / Quimica T2	FQI-TEJ25	Fisica Quimica	2	16	1
95	Fisica T2 / Quimica T1	FIS-TEJ25	Fisica Quimica	2	16	1
96	Alfa y Omega	ALF-TEJ25	Matematicas	2	16	1
97	Fundamentos Para la Vida	FUN-TEJ25	Religion	2	16	1
98	Artifices Audiovisuales	ART-TEJ25	Artes visuales	2	16	1
99	Buscadores de Historia	BUS-TEJ25	Historia	2	16	1
100	Dios y la Ciencia Biologia	DIO-TEJ25	Biologia	2	16	1
101	Cultivando Mente y Cuerpo	CUL-TEJ25	Educacion Fisica	2	16	1
102	Taller PAES	PAE-TEJ25	Taller Paes	2	16	1
103	Taller de Computacion	TAL-TEJ25	Informatica	2	16	1
104	Creacion en Palabras	CRE-TEJM25	Lenguaje	2	17	1
105	Living Language	LIV-TEJM25	Ingles	2	17	1
106	Fisica T1 / Quimica T2	FQI-TEJM25	Fisica Quimica	2	17	1
107	Fisica T2 / Quimica T1	FIS-TEJM25	Fisica Quimica	2	17	1
108	Alfa y Omega	ALF-TEJM25	Matematicas	2	17	1
109	Fundamentos Para la Vida	FUN-TEJM25	Religion	2	17	1
110	Artifices Audiovisuales	ART-TEJM25	Artes visuales	2	17	1
111	Buscadores de Historia	BUS-TEJM25	Historia	2	17	1
112	Dios y la Ciencia Biologia	DIO-TEJM25	Biologia	2	17	1
113	Cultivando Mente y Cuerpo	CUL-TEJM25	Educacion Fisica	2	17	1
114	Taller PAES	TAL-TEJM25	Taller Paes	2	17	1
115	Taller de Computacion	COM-TEJM25	Informatica	2	17	1
116	Alfa y Omega	ALF-BUF25	Matematicas	2	18	1
117	Living Language	LIV-BUF25	Ingles	2	18	1
118	Artifices 	ART-BUF25	Artes visuales	2	18	1
119	Creacion en Palabras	CRE-BUF25	Lenguaje	2	18	1
120	Fundamentos Para la Vida	FUN-BUF25	Religion	2	18	1
121	Quimica	QUI-BUF5	Quimica	2	18	1
122	Taller PAES ALFA Y OMEGA	TAL-BUF5	PAES	2	18	1
123	Dios y la Ciencia Ciudadania	DIO-BUF5	Ciencias	2	18	1
124	Dios y la Ciencia Biologia	DBI-BUF5	Biologia	2	18	1
125	Buscadores de Historia	BUS-BUF25	Historia	2	18	1
126	Cultivando Mente y Cuerpo	CUL-BUF25	Educacion Fisica	2	18	1
127	Dios y la Ciencia Fisica	DFI-BUF5	Fisica	2	18	1
128	Filosofia	FIL-BUF5	Filosofia	2	18	1
129	Alfa y Omega	ALF-BUFM25	Matematicas	2	19	1
130	Living Language	LIV-BUFM25	Ingles	2	19	1
131	Artifices 	ART-BUFM25	Artes visuales	2	19	1
132	Creacion en Palabras	CRE-BUFM25	Lenguaje	2	19	1
133	Fundamentos Para la Vida	FV-BUFM25	Religion	2	19	1
134	Quimica	QUI-BUFM25	Quimica	2	19	1
135	Taller PAES ALFA Y OMEGA	PAE-BUFM25	PAES	2	19	1
136	Dios y la Ciencia Ciudadania	DCI-BUFM25	Ciencias	2	19	1
137	Dios y la Ciencia Biologia	DBI-BUFM25	Biologia	2	19	1
138	Buscadores de Historia	BUS-BUFM25	Historia	2	19	1
139	Cultivando Mente y Cuerpo	DED-BUFM25	Educacion Fisica	2	19	1
140	Dios y la Ciencia Fisica	DFI-BUFM25	Fisica	2	19	1
141	Creo  luego Existo	FIL-BUFM25	Filosofia	17	19	1
\.


--
-- Data for Name: colegioapp_calificacion; Type: TABLE DATA; Schema: public; Owner: jortega
--

COPY public.colegioapp_calificacion (id, nota, semestre, tipo, asignatura_id, profesor_id, matricula_id, especificacion) FROM stdin;
20	1.00	1	NOTA 1	4	2	3	trabajo
21	1.00	1	NOTA 1	4	2	4	trabajo
22	1.00	1	NOTA 1	4	2	5	trabajo
23	1.00	1	NOTA 1	17	2	6	ok
24	1.00	1	NOTA 1	17	2	7	ok
25	1.00	1	NOTA 1	16	5	6	ok
26	1.00	1	NOTA 1	16	5	7	ok
27	1.00	1	NOTA 1	13	20	3	Ok
28	1.00	1	NOTA 1	13	20	4	Ok
29	1.00	1	NOTA 1	13	20	5	Ok
30	7.00	1	NOTA 1	6	6	3	trabajo
31	7.00	1	NOTA 1	6	6	4	trabajo
32	7.00	1	NOTA 1	6	6	5	trabajo
\.


--
-- Data for Name: colegioapp_curso; Type: TABLE DATA; Schema: public; Owner: jortega
--

COPY public.colegioapp_curso (id, nombre, nivel, "año", profesor_jefe_id, sede_id) FROM stdin;
8	Saetas Menores	BASICA	2025	2	1
9	Saetas Mayores	BASICA	2025	2	1
12	Valientes Menores	BASICA	2025	2	1
13	Valientes Mayores	BASICA	2025	2	1
14	Aguilas Menores	BASICA	2025	2	1
15	Aguilas Mayores	BASICA	2025	2	1
17	Tejones Mayores	MEDIA	2025	2	1
16	Tejones Menores	MEDIA	2025	2	1
18	Búfalos Menores	MEDIA	2025	2	1
19	Búfalos Mayores	MEDIA	2025	2	1
10	Leones Menores	BASICA	2025	6	1
11	Leones Mayores	BASICA	2025	6	1
\.


--
-- Data for Name: colegioapp_diasemana; Type: TABLE DATA; Schema: public; Owner: jortega
--

COPY public.colegioapp_diasemana (id, nombre) FROM stdin;
1	LUNES
2	MARTES
3	MIERCOLES
4	JUEVES
5	VIERNES
\.


--
-- Data for Name: colegioapp_horario; Type: TABLE DATA; Schema: public; Owner: jortega
--

COPY public.colegioapp_horario (id, hora_inicio, hora_fin, asignacion_profesor_sede_id, asignatura_id, curso_id, dia_id) FROM stdin;
\.


--
-- Data for Name: colegioapp_matricula; Type: TABLE DATA; Schema: public; Owner: jortega
--

COPY public.colegioapp_matricula (id, "año", estado, fecha_creacion, alumno_id, curso_id, usuario_creacion_id, sede_id) FROM stdin;
3	2025	ACTIVO	2025-01-16 02:21:58.643278-03	9	8	1	1
4	2025	ACTIVO	2025-01-16 02:22:20.485589-03	10	8	1	1
5	2025	ACTIVO	2025-01-16 02:22:45.064266-03	11	8	1	1
6	2025	ACTIVO	2025-01-16 02:23:03.108606-03	12	9	1	1
7	2025	ACTIVO	2025-01-16 02:23:20.242474-03	13	9	1	1
8	2025	ACTIVO	2025-01-16 15:39:39.282225-03	28	10	1	1
9	2025	ACTIVO	2025-01-16 15:40:08.708062-03	29	10	1	1
10	2025	ACTIVO	2025-01-16 15:40:39.073667-03	30	10	1	1
11	2025	ACTIVO	2025-01-16 15:40:56.280384-03	31	10	1	1
13	2025	ACTIVO	2025-01-16 19:29:12.264689-03	32	11	1	1
\.


--
-- Data for Name: colegioapp_pagomensualidad; Type: TABLE DATA; Schema: public; Owner: jortega
--

COPY public.colegioapp_pagomensualidad (id, mes, "año", monto, fecha_pago, estado, matricula_id) FROM stdin;
3	FEBRERO	2025	50000.00	2025-01-27	PAGADO	3
\.


--
-- Data for Name: colegioapp_registroasistencia; Type: TABLE DATA; Schema: public; Owner: jortega
--

COPY public.colegioapp_registroasistencia (id, fecha_hora, estado, asignatura_id, matricula_id) FROM stdin;
10	2025-01-16 19:45:11.650532-03	PRESENTE	6	3
11	2025-01-16 19:45:11.654519-03	PRESENTE	6	4
12	2025-01-16 19:45:11.655589-03	JUSTIFICADO	6	5
13	2025-01-16 19:46:26.805416-03	PRESENTE	21	6
14	2025-01-16 19:46:26.852164-03	JUSTIFICADO	21	7
\.


--
-- Data for Name: colegioapp_sede; Type: TABLE DATA; Schema: public; Owner: jortega
--

COPY public.colegioapp_sede (id, nombre, direccion, ciudad, region, telefono, email) FROM stdin;
1	Mas que Vencedores Colin	Colin	Maule	Maule	4567890	sedecolin@mqv.cl
\.


--
-- Data for Name: colegioapp_usuario; Type: TABLE DATA; Schema: public; Owner: jortega
--

COPY public.colegioapp_usuario (id, password, last_login, is_superuser, username, first_name, last_name, email, is_staff, is_active, date_joined, rol, rut, telefono, direccion, fecha_nacimiento) FROM stdin;
6	pbkdf2_sha256$870000$Xc6ZMN9r196OzZCFvUyPKz$gzvBRbiW0Mmv800Zn91yRkMoj1V2gi8PT7ziGgs5mgY=	2025-01-16 19:49:40.349223-03	f	acastro	Alicia	Castro Toloza	acastro@mqv.cl	f	t	2025-01-08 21:58:28.786332-03	PROFESOR	10.734137-4	23456	colin	1980-12-12
20	pbkdf2_sha256$870000$idesEgs55w5sAeqhfmcqHk$Q/Y2EOMTZ1Lr6Sr1stL14RDPiuqRRo/qvu/UIj7Pj8o=	2025-01-16 18:21:29.812743-03	f	pmoya	Pamela Deniss	Moya Hervia	pmoya@mqv.cl	f	t	2025-01-16 15:00:24.022072-03	PROFESOR	17.820.899-3	34567	Colin	1980-12-12
9	pbkdf2_sha256$870000$88rckRS3ARLeh31FlZ2oh3$Ctz7D3w4nxO2k1gInbnwZtSDouDR6ONNUlwhX44Jt4g=	\N	f	lcaceres	Lucas Ignacio	Caceres Aburto	lcaceres@mqv.cl	f	t	2025-01-16 02:15:48.76357-03	ALUMNO	94.927.97-8	234567	Colin	2018-12-12
10	pbkdf2_sha256$870000$dTqfoug95tmEF16QMhk1Ut$0N/M31eRAfM9gvch+oSWAhIQnWAANHHCpsP7d0JBWOI=	\N	f	dmarin	Dara	Marin	dmarin@mqv.cl	f	t	2025-01-16 02:17:11.30547-03	ALUMNO	16.571.030-4	345678	Talca	2018-12-12
11	pbkdf2_sha256$870000$ilGfmhtKuYlZw3nVHjvQfg$xwVd5rMxkhVxgEXiwbjrGhBbafMq+mxFhgC7CUpCs2I=	\N	f	rpacheco	Rafael	Pacheco	rpacheco@mqv.cl	f	t	2025-01-16 02:18:23.673848-03	ALUMNO	24.347.632-1	45678	Talca	2018-01-16
12	pbkdf2_sha256$870000$IjAw1FcHDU1B7yBNqmnphe$q/gQpNTvxdicmw6jrY2urQldGTQMlH5CPPMY8MA1R4w=	\N	f	lavila	Leonor	Avila Alvarez	lavila@mqv.cl	f	t	2025-01-16 02:20:09.627698-03	ALUMNO	22.612.256-7	34567	Talca	2017-12-12
13	pbkdf2_sha256$870000$OIiS6jHrXhaD6G7BCWAzKU$uRjebyxFp0kWxMuEMJvP3P3buhiFu3tJJxRknWDwK88=	\N	f	mcabrera	Maximiliano	Cabrera	mcabrera@mqv.cl	f	t	2025-01-16 02:21:16.020963-03	ALUMNO	51.250.40-0	34567	Colin	2016-12-12
2	pbkdf2_sha256$870000$rLIZVxKwslzOCpsNPzPBre$hqAM7+8RRfbTevcl4SpLOsRLhNcMhbLQ+prv6NUc8V0=	2025-01-16 02:23:35.957257-03	f	jguerra	Jessica	Guerra	jguerra@mqv.cl	f	t	2025-01-03 13:24:45.801285-03	PROFESOR	23456789	23456789	colin	\N
16	pbkdf2_sha256$870000$zWaWNLy7rAZDjLxP3FWIiX$1lY/JlqifYFBC7W0V2HzT4rtr83ZYyyLazpG8VAOn94=	\N	f	mramirez	Maria Paz	Ramirez Gonzalez	mramirez@mqv.cl	f	t	2025-01-16 14:56:01.561931-03	PROFESOR	20.185.828-3	2345678	Hualañe	1980-12-12
17	pbkdf2_sha256$870000$Val3Zgzj7PMIGWgmFI4GYZ$ykKlZXPvhkFwgw4BcSgjxv1FFFdaS15/+hyEtnkcYPo=	\N	f	mhormazabal	Miguel Angel	Hormazabal Lopez	mhormazabal@mqv.cl	f	t	2025-01-16 14:57:03.818742-03	PROFESOR	17.323.211-k	23456789	Hualañe	1989-12-12
18	pbkdf2_sha256$870000$5HLgL8qPglnA9b2SE6HVRu$2swfctZUMb+j99aefjjQUeYYUKemukd/RwKRVubvFtU=	\N	f	fmartinez	Fernanda Andrea	Martinez Canales	fmartinez@mqv.cl	f	t	2025-01-16 14:58:18.342307-03	PROFESOR	18.476.339-7	234567	Colin	1980-12-12
19	pbkdf2_sha256$870000$jAB1JovpSSvyUoze7htWuA$uTG4ptFzYZP+kssu31zICkTqwjSzjggOx7uMsOYEpZM=	\N	f	jbernal	Julio Alberto	Bernal Rojas	jbernal@mqv.cl	f	t	2025-01-16 14:59:20.77247-03	PROFESOR	18.226.728-7	34567	Colin	1980-12-12
25	pbkdf2_sha256$870000$5J4aSzky6bdn8dwf0kmw4f$mIHQ7hHx+NXFnbasr4yTrJq+7U7BJXqVEj5PdUGvazk=	2025-01-16 15:57:36.834957-03	f	cromero	Carol Katia	Romero Bravo	cromero@mqv.cl	f	t	2025-01-16 15:07:33.195374-03	PROFESOR	15.835.065-3	23456789	Talca	1980-12-12
28	pbkdf2_sha256$870000$h1KeBC8Imwul0QOC2eIU6u$V1n0jG5AWherV3CHVdQDG+AALUTjvHpO4l7vcsLOAGo=	\N	f	sayala	Samuel Ananias	Ayala Ulloa	syala@mqv.cl	f	t	2025-01-16 15:32:33.166814-03	ALUMNO	10.256.390-5	2345678	Talca	2010-10-20
21	pbkdf2_sha256$870000$HhVU9lojtzWivrmMJCKcwu$20y+r5afH7l6gDvctxdbizgrSvBZ7p1VYL2K/izIWZE=	\N	f	jpvergara	Juan Pablo	Vergara Castro	jpvergara@mqv.cl	f	t	2025-01-16 15:01:47.1573-03	PROFESOR	16.456.424-k	345678	Colin	1980-12-12
22	pbkdf2_sha256$870000$Wg5d7avOnBgxaUydeKx7m7$SDcgcAb9KjPQccVmwQhnx/EBK8uL+CvP8/D8vc6S4Rg=	\N	f	vvergara	Valesca Isai	Vergara Castro	vvergara@mqv.cl	f	t	2025-01-16 15:04:22.878251-03	PROFESOR	18.225.468-1	3456789	Colin	1985-12-12
29	pbkdf2_sha256$870000$DebPFnvXXnIxGj8ViLrMtj$oV4XuIlywVpHalKQHCDU1EFpuhN6gKxiSgnVDk9aPDQ=	\N	f	vbravo	Victoria Andrea	Bravo Cuevas	vbravo@mqv.cl	f	t	2025-01-16 15:33:34.72767-03	ALUMNO	13.369.634-2	34567		\N
30	pbkdf2_sha256$870000$aXJxnZLAIBC33QjdwSG5D5$JDZrnI02Ga2v8hLrGknp0+6XAU7Ltc+O+7JzChemWls=	\N	f	gvergara	Gracia	Vergara Moya	gvergara@mqv.cl	f	t	2025-01-16 15:34:57.585269-03	ALUMNO	21.561.596-0	\N		\N
31	pbkdf2_sha256$870000$kCdgLVZ13Z4m3arbxo3WE2$MfJFE5yo1TVZ09aV+kS+PvVdhscx8CYY/LIyCQDPyKY=	\N	f	oavila	Octavio Leonidas	Avila Alvarez	oavila@mqv.cl	f	t	2025-01-16 15:36:21.589194-03	ALUMNO	15.426.546-5	\N		\N
32	pbkdf2_sha256$870000$y7ZteCOIbJWIdsd8wUWFu5$TPMx0lJ6p2XuVSpeBv4F4c0xuiJAcWK2tc+/10QgepE=	\N	f	culloa	Camila Paz	Ulloa Mendoza	culloa@mqv.cl	f	t	2025-01-16 15:38:32.41037-03	ALUMNO	24.456.322-8	\N		\N
24	pbkdf2_sha256$870000$JticCZ9lFeznznSeOh7RF1$VNoc5MU2SURUDlmVyMA9hQ6Y54YwLCkgTI76YMPatLc=	\N	f	mrebolledo	Monserrat	Rebolledo G.	mrebolledo@mqv.cl	f	t	2025-01-16 15:06:26.356003-03	PROFESOR	19.927.472-4	23456789	Talca	1990-12-12
26	pbkdf2_sha256$870000$8oQBDrdM8ZEu8pC5QUUCUh$7UaZROWGdXnuXG2JflCKVo9BxbUx7gXmSmqE4lh1VqM=	\N	f	aolave	Alvaro	Olave Cespedes	aolave@mqv.cl	f	t	2025-01-16 15:08:34.394983-03	PROFESOR	16.003.811-k	3456789	Colin	1980-12-12
27	pbkdf2_sha256$870000$8RZDnXYRJlJinurbg260yQ$zRz4H26ShGXiUXMqnER5DArhGPl2sYRmie/XJXCDAX8=	\N	f	aavaca	Alondra	Avaca Vicencio	aavaca@mqv.cl	f	t	2025-01-16 15:09:43.285979-03	PROFESOR	13.857.697-3	345678	Colin	1980-12-12
8	pbkdf2_sha256$870000$oUiWgMxWiFkmaQRp73HvEQ$EHUKoXtW8fVyITgf3XaclS5D0AAkRhMxpgq2SuCemIU=	\N	f	yalvear	Yeruza	Alvear Yubano	yalvear@mqv.cl	f	t	2025-01-16 02:11:03.826471-03	PROFESOR	17.685.880-k	3456789	Hualañe	1988-12-12
14	pbkdf2_sha256$870000$kQ6C7EL9TyFXrVHPksfq1y$Q8Hi9vvXUzHiLjWJnYKwVwt79QHl0AEmmAlh8sRMcBE=	\N	f	fyevenes	Francisca	Yevenes G.	fyevenes@mqv.cl	f	t	2025-01-16 14:53:11.509025-03	PROFESOR	19.006.664-9	2345678	Hualañe	1980-12-12
15	pbkdf2_sha256$870000$sJENLmaHTIYY9BKUJYoTEA$B/Sbyq2TerHmV5fdhWPaM51tn04ZrMzcUQVjEqfrECc=	\N	f	cveas	Constanza	Veas Argona	cveas@mqv.cl	f	t	2025-01-16 14:54:22.512075-03	PROFESOR	20.509.615-9	3456789	Hualañe	1980-12-12
5	pbkdf2_sha256$870000$cmWrLDTupbQHbOTvj5sucr$8wU+V8v+U7u876I9i8xbf6t5Qb4iuHD0A5TBDQDinzg=	2025-01-16 19:55:42.909791-03	f	calvarezl	Constanza	Alvarez	calvarez@mqv.cl	f	t	2025-01-08 20:28:35.731718-03	PROFESOR	23456789-9	2345678	maule	2025-01-08
1	pbkdf2_sha256$870000$xPcPGe0iZkSRzO3wQtfzKe$GWLeaXf+K5ADIadStWKe9V9oxo18H1y8B5S1ZjP8CW4=	2025-01-27 14:44:22.700008-03	t	jortega	Juan Carlos	Ortega	jortega@integra.cl	t	t	2025-01-03 13:20:53-03	ADMIN	15696687-8	3456789		1983-06-06
23	pbkdf2_sha256$870000$IkEqxyHD1nfRHJKoDru4sj$ujUfseOr6M+ECf1Fa4YGlxslRHcBrGGtRF8GXwIJeI0=	2025-01-16 15:59:41.00667-03	f	arico	Aldo	Rico Pradenas	arico@mqv.cl	f	t	2025-01-16 15:05:22.385978-03	PROFESOR	16.592.983-7	345678	Talca	1980-12-12
\.


--
-- Data for Name: colegioapp_usuario_groups; Type: TABLE DATA; Schema: public; Owner: jortega
--

COPY public.colegioapp_usuario_groups (id, usuario_id, group_id) FROM stdin;
\.


--
-- Data for Name: colegioapp_usuario_user_permissions; Type: TABLE DATA; Schema: public; Owner: jortega
--

COPY public.colegioapp_usuario_user_permissions (id, usuario_id, permission_id) FROM stdin;
\.


--
-- Data for Name: django_admin_log; Type: TABLE DATA; Schema: public; Owner: jortega
--

COPY public.django_admin_log (id, action_time, object_id, object_repr, action_flag, change_message, content_type_id, user_id) FROM stdin;
1	2025-01-03 13:23:16.658537-03	1	Juan Ortega	2	[{"changed": {"fields": ["First name", "Last name", "Rol", "Rut", "Telefono", "Fecha nacimiento"]}}]	6	1
\.


--
-- Data for Name: django_content_type; Type: TABLE DATA; Schema: public; Owner: jortega
--

COPY public.django_content_type (id, app_label, model) FROM stdin;
1	admin	logentry
2	auth	permission
3	auth	group
4	contenttypes	contenttype
5	sessions	session
6	colegioapp	usuario
7	colegioapp	diasemana
8	colegioapp	sede
9	colegioapp	curso
10	colegioapp	asignatura
11	colegioapp	asignacionprofesorsede
12	colegioapp	horario
13	colegioapp	matricula
14	colegioapp	apoderado
15	colegioapp	calificacion
16	colegioapp	pagomensualidad
17	colegioapp	registroasistencia
\.


--
-- Data for Name: django_migrations; Type: TABLE DATA; Schema: public; Owner: jortega
--

COPY public.django_migrations (id, app, name, applied) FROM stdin;
1	contenttypes	0001_initial	2025-01-03 13:17:58.445528-03
2	contenttypes	0002_remove_content_type_name	2025-01-03 13:17:58.455527-03
3	auth	0001_initial	2025-01-03 13:17:58.520349-03
4	auth	0002_alter_permission_name_max_length	2025-01-03 13:17:58.520349-03
5	auth	0003_alter_user_email_max_length	2025-01-03 13:17:58.530345-03
6	auth	0004_alter_user_username_opts	2025-01-03 13:17:58.530345-03
7	auth	0005_alter_user_last_login_null	2025-01-03 13:17:58.530345-03
8	auth	0006_require_contenttypes_0002	2025-01-03 13:17:58.530345-03
9	auth	0007_alter_validators_add_error_messages	2025-01-03 13:17:58.540593-03
10	auth	0008_alter_user_username_max_length	2025-01-03 13:17:58.551517-03
11	auth	0009_alter_user_last_name_max_length	2025-01-03 13:17:58.553392-03
12	auth	0010_alter_group_name_max_length	2025-01-03 13:17:58.563048-03
13	auth	0011_update_proxy_permissions	2025-01-03 13:17:58.563048-03
14	auth	0012_alter_user_first_name_max_length	2025-01-03 13:17:58.57306-03
15	colegioapp	0001_initial	2025-01-03 13:17:58.938043-03
16	admin	0001_initial	2025-01-03 13:17:58.973201-03
17	admin	0002_logentry_remove_auto_add	2025-01-03 13:17:58.983229-03
18	admin	0003_logentry_add_action_flag_choices	2025-01-03 13:17:58.993226-03
19	colegioapp	0002_calificacion_especificacion_alter_calificacion_tipo	2025-01-03 13:17:59.01322-03
20	colegioapp	0003_remove_pagomensualidad_año_no_futuro_and_more	2025-01-03 13:17:59.023212-03
21	sessions	0001_initial	2025-01-03 13:17:59.045391-03
\.


--
-- Data for Name: django_session; Type: TABLE DATA; Schema: public; Owner: jortega
--

COPY public.django_session (session_key, session_data, expire_date) FROM stdin;
v5st8vaoffueupdpaw45fnlzvn032ee4	.eJxVTksOwiAUvAtrQ0TgUVy67xnIozzaqoGkwMp4d6npQmcxi_llXsxhq4trhTa3BnZlwE6_msfpQWk3wh3TnPmUU91Wz_cIP9zCxxzoeTuyfwMLlqW3ZdRS0CC96ayDVaSHDjkI4QFB2DOg9TEKTVJhMBdrSAsDOGEEGVUfxbLOCWvb8PsU3h_mpD2g:1tYZ3D:4HETLBsrKmKD3E1Vdj8074SkZ1kXVY74jcvpMCGLVSk	2025-01-30 20:13:23.481938-03
5oad1sxyj3zpqcqyzh26kn8rrh63aqdt	.eJxVjEEOgjAQRe_StWkoQ6HfpXvPQKadQVBTEgor492VhIVu_3vvv0zP2zr2W9Gln8ScjTOn3y1yemjegdw532ab5rwuU7S7Yg9a7HUWfV4O9-9g5DJ-a67hHKSi0DpKJJ46kEfwoZZILAiIrANpVDQVKKAR1AICuhbDYN4fu5k3HQ:1tcT9q:B0tgf0JIikxNPjwVKWiKuOWwPqVJIDa0LY42n9cuLAo	2025-02-10 14:44:22.70726-03
53ypsq4s0486grr4baic57ib6e35jtjq	.eJxVjEEOgjAQRe_StWkoQ6HfpXvPQKadQVBTEgor492VhIVu_3vvv0zP2zr2W9Gln8ScjTOn3y1yemjegdw532ab5rwuU7S7Yg9a7HUWfV4O9-9g5DJ-a67hHKSi0DpKJJ46kEfwoZZILAiIrANpVDQVKKAR1AICuhbDYN4fu5k3HQ:1tXt7l:NL5_JbsA7Uq7tQtnLPJP7IPOdqF1IijJooOrNLO_jww	2025-01-28 23:27:17.142063-03
hbhlqzpj2b3m14mg8b66sgvigeu357fg	.eJxVjEEOgjAQRe_StWkoQ6HfpXvPQKadQVBTEgor492VhIVu_3vvv0zP2zr2W9Gln8ScjTOn3y1yemjegdw532ab5rwuU7S7Yg9a7HUWfV4O9-9g5DJ-a67hHKSi0DpKJJ46kEfwoZZILAiIrANpVDQVKKAR1AICuhbDYN4fu5k3HQ:1tYTyM:TbKWfwqJhBpDPuOLtxXRJ1aOfUd0KqFeX-D9NpQj6nI	2025-01-30 14:48:02.738086-03
wc5d39efxy1cwloxdc8todpdwz18ulha	.eJxVjEEOgjAQRe_StWkoQ6HfpXvPQKadQVBTEgor492VhIVu_3vvv0zP2zr2W9Gln8ScjTOn3y1yemjegdw532ab5rwuU7S7Yg9a7HUWfV4O9-9g5DJ-a67hHKSi0DpKJJ46kEfwoZZILAiIrANpVDQVKKAR1AICuhbDYN4fu5k3HQ:1tYXHJ:T7V-wF76Q1YdxsA_GqUUgExrvG00kGxUQcHl2kFaIbM	2025-01-30 18:19:49.676089-03
udrz659zz4eu1jx315j0q3k4fd2cg5v8	.eJxVjEEOgjAQRe_StWkoQ6HfpXvPQKadQVBTEgor492VhIVu_3vvv0zP2zr2W9Gln8ScjTOn3y1yemjegdw532ab5rwuU7S7Yg9a7HUWfV4O9-9g5DJ-a67hHKSi0DpKJJ46kEfwoZZILAiIrANpVDQVKKAR1AICuhbDYN4fu5k3HQ:1tYY6V:6HUGj4WJbYsNgI4e--PsJW8IBlkN7z6jqzmlk8DBFWI	2025-01-30 19:12:43.275288-03
el8zswfunmxwd3kok2jyr8b1jgca95xw	.eJxVjEEOgjAQRe_StWkoQ6HfpXvPQKadQVBTEgor492VhIVu_3vvv0zP2zr2W9Gln8ScjTOn3y1yemjegdw532ab5rwuU7S7Yg9a7HUWfV4O9-9g5DJ-a67hHKSi0DpKJJ46kEfwoZZILAiIrANpVDQVKKAR1AICuhbDYN4fu5k3HQ:1tVh4b:Y7voG9n6zbndCDlxAJ7iBEfvy6BKANI4W3jiuPu-1OY	2025-01-22 22:10:57.20083-03
ecos9qx27q523rmt7qcogo67kmb21hwr	.eJxVTjkOwjAQ_ItrZLHxTUnPG6K1vY4DyJFip0L8HQelgCmmmEvzYiNuLY9bpXWcI7swzU6_msfwoLIb8Y5lWnhYSltnz_cIP9zKb0uk5_XI_g1krLm3RVICyApvOqvoJCnbISyA16jBnTU6nxIoEhKjGZwhBUZjwKRFkn0U6zwVbNuK36cDvD8kLD3N:1tYYcz:5MzEO__Qdz-u5Mqel87kB-VqGRNTN1Ejzwzu4RsaDRk	2025-01-30 19:46:17.586744-03
y6c97b6q2lsfj4pbiib3vjvwwqf93yr8	.eJxVjEEOwiAQRe_C2hBAmYJL9z0DGYZBqgaS0q6MdzckXej2v_f-WwTctxL2zmtYkrgKK06_W0R6ch0gPbDem6RWt3WJcijyoF3OLfHrdrh_BwV7GXVkZcEQanZkMxq6APtMmaNSOFkADVYbzug9nCnqiWNORjvts1OA4vMFDG44lA:1tYYm6:cv7hri19PiJuurqn74Flbj02_Gqi5C_rPsvVPN8YeGA	2025-01-30 19:55:42.913261-03
\.


--
-- Name: auth_group_id_seq; Type: SEQUENCE SET; Schema: public; Owner: jortega
--

SELECT pg_catalog.setval('public.auth_group_id_seq', 1, false);


--
-- Name: auth_group_permissions_id_seq; Type: SEQUENCE SET; Schema: public; Owner: jortega
--

SELECT pg_catalog.setval('public.auth_group_permissions_id_seq', 1, false);


--
-- Name: auth_permission_id_seq; Type: SEQUENCE SET; Schema: public; Owner: jortega
--

SELECT pg_catalog.setval('public.auth_permission_id_seq', 68, true);


--
-- Name: colegioapp_apoderado_alumnos_id_seq; Type: SEQUENCE SET; Schema: public; Owner: jortega
--

SELECT pg_catalog.setval('public.colegioapp_apoderado_alumnos_id_seq', 1, false);


--
-- Name: colegioapp_asignacionprofesorsede_dias_trabajados_id_seq; Type: SEQUENCE SET; Schema: public; Owner: jortega
--

SELECT pg_catalog.setval('public.colegioapp_asignacionprofesorsede_dias_trabajados_id_seq', 5, true);


--
-- Name: colegioapp_asignacionprofesorsede_id_seq; Type: SEQUENCE SET; Schema: public; Owner: jortega
--

SELECT pg_catalog.setval('public.colegioapp_asignacionprofesorsede_id_seq', 2, true);


--
-- Name: colegioapp_asignatura_id_seq; Type: SEQUENCE SET; Schema: public; Owner: jortega
--

SELECT pg_catalog.setval('public.colegioapp_asignatura_id_seq', 141, true);


--
-- Name: colegioapp_calificacion_id_seq; Type: SEQUENCE SET; Schema: public; Owner: jortega
--

SELECT pg_catalog.setval('public.colegioapp_calificacion_id_seq', 32, true);


--
-- Name: colegioapp_curso_id_seq; Type: SEQUENCE SET; Schema: public; Owner: jortega
--

SELECT pg_catalog.setval('public.colegioapp_curso_id_seq', 19, true);


--
-- Name: colegioapp_diasemana_id_seq; Type: SEQUENCE SET; Schema: public; Owner: jortega
--

SELECT pg_catalog.setval('public.colegioapp_diasemana_id_seq', 5, true);


--
-- Name: colegioapp_horario_id_seq; Type: SEQUENCE SET; Schema: public; Owner: jortega
--

SELECT pg_catalog.setval('public.colegioapp_horario_id_seq', 1, true);


--
-- Name: colegioapp_matricula_id_seq; Type: SEQUENCE SET; Schema: public; Owner: jortega
--

SELECT pg_catalog.setval('public.colegioapp_matricula_id_seq', 13, true);


--
-- Name: colegioapp_pagomensualidad_id_seq; Type: SEQUENCE SET; Schema: public; Owner: jortega
--

SELECT pg_catalog.setval('public.colegioapp_pagomensualidad_id_seq', 3, true);


--
-- Name: colegioapp_registroasistencia_id_seq; Type: SEQUENCE SET; Schema: public; Owner: jortega
--

SELECT pg_catalog.setval('public.colegioapp_registroasistencia_id_seq', 14, true);


--
-- Name: colegioapp_sede_id_seq; Type: SEQUENCE SET; Schema: public; Owner: jortega
--

SELECT pg_catalog.setval('public.colegioapp_sede_id_seq', 4, true);


--
-- Name: colegioapp_usuario_groups_id_seq; Type: SEQUENCE SET; Schema: public; Owner: jortega
--

SELECT pg_catalog.setval('public.colegioapp_usuario_groups_id_seq', 1, false);


--
-- Name: colegioapp_usuario_id_seq; Type: SEQUENCE SET; Schema: public; Owner: jortega
--

SELECT pg_catalog.setval('public.colegioapp_usuario_id_seq', 32, true);


--
-- Name: colegioapp_usuario_user_permissions_id_seq; Type: SEQUENCE SET; Schema: public; Owner: jortega
--

SELECT pg_catalog.setval('public.colegioapp_usuario_user_permissions_id_seq', 1, false);


--
-- Name: django_admin_log_id_seq; Type: SEQUENCE SET; Schema: public; Owner: jortega
--

SELECT pg_catalog.setval('public.django_admin_log_id_seq', 1, true);


--
-- Name: django_content_type_id_seq; Type: SEQUENCE SET; Schema: public; Owner: jortega
--

SELECT pg_catalog.setval('public.django_content_type_id_seq', 17, true);


--
-- Name: django_migrations_id_seq; Type: SEQUENCE SET; Schema: public; Owner: jortega
--

SELECT pg_catalog.setval('public.django_migrations_id_seq', 21, true);


--
-- Name: auth_group auth_group_name_key; Type: CONSTRAINT; Schema: public; Owner: jortega
--

ALTER TABLE ONLY public.auth_group
    ADD CONSTRAINT auth_group_name_key UNIQUE (name);


--
-- Name: auth_group_permissions auth_group_permissions_group_id_permission_id_0cd325b0_uniq; Type: CONSTRAINT; Schema: public; Owner: jortega
--

ALTER TABLE ONLY public.auth_group_permissions
    ADD CONSTRAINT auth_group_permissions_group_id_permission_id_0cd325b0_uniq UNIQUE (group_id, permission_id);


--
-- Name: auth_group_permissions auth_group_permissions_pkey; Type: CONSTRAINT; Schema: public; Owner: jortega
--

ALTER TABLE ONLY public.auth_group_permissions
    ADD CONSTRAINT auth_group_permissions_pkey PRIMARY KEY (id);


--
-- Name: auth_group auth_group_pkey; Type: CONSTRAINT; Schema: public; Owner: jortega
--

ALTER TABLE ONLY public.auth_group
    ADD CONSTRAINT auth_group_pkey PRIMARY KEY (id);


--
-- Name: auth_permission auth_permission_content_type_id_codename_01ab375a_uniq; Type: CONSTRAINT; Schema: public; Owner: jortega
--

ALTER TABLE ONLY public.auth_permission
    ADD CONSTRAINT auth_permission_content_type_id_codename_01ab375a_uniq UNIQUE (content_type_id, codename);


--
-- Name: auth_permission auth_permission_pkey; Type: CONSTRAINT; Schema: public; Owner: jortega
--

ALTER TABLE ONLY public.auth_permission
    ADD CONSTRAINT auth_permission_pkey PRIMARY KEY (id);


--
-- Name: colegioapp_apoderado_alumnos colegioapp_apoderado_alu_apoderado_id_usuario_id_3efc4154_uniq; Type: CONSTRAINT; Schema: public; Owner: jortega
--

ALTER TABLE ONLY public.colegioapp_apoderado_alumnos
    ADD CONSTRAINT colegioapp_apoderado_alu_apoderado_id_usuario_id_3efc4154_uniq UNIQUE (apoderado_id, usuario_id);


--
-- Name: colegioapp_apoderado_alumnos colegioapp_apoderado_alumnos_pkey; Type: CONSTRAINT; Schema: public; Owner: jortega
--

ALTER TABLE ONLY public.colegioapp_apoderado_alumnos
    ADD CONSTRAINT colegioapp_apoderado_alumnos_pkey PRIMARY KEY (id);


--
-- Name: colegioapp_apoderado colegioapp_apoderado_pkey; Type: CONSTRAINT; Schema: public; Owner: jortega
--

ALTER TABLE ONLY public.colegioapp_apoderado
    ADD CONSTRAINT colegioapp_apoderado_pkey PRIMARY KEY (usuario_id);


--
-- Name: colegioapp_asignacionprofesorsede_dias_trabajados colegioapp_asignacionpro_asignacionprofesorsede_i_9b5a6440_uniq; Type: CONSTRAINT; Schema: public; Owner: jortega
--

ALTER TABLE ONLY public.colegioapp_asignacionprofesorsede_dias_trabajados
    ADD CONSTRAINT colegioapp_asignacionpro_asignacionprofesorsede_i_9b5a6440_uniq UNIQUE (asignacionprofesorsede_id, diasemana_id);


--
-- Name: colegioapp_asignacionprofesorsede colegioapp_asignacionpro_usuario_id_sede_id_c438dff5_uniq; Type: CONSTRAINT; Schema: public; Owner: jortega
--

ALTER TABLE ONLY public.colegioapp_asignacionprofesorsede
    ADD CONSTRAINT colegioapp_asignacionpro_usuario_id_sede_id_c438dff5_uniq UNIQUE (usuario_id, sede_id);


--
-- Name: colegioapp_asignacionprofesorsede_dias_trabajados colegioapp_asignacionprofesorsede_dias_trabajados_pkey; Type: CONSTRAINT; Schema: public; Owner: jortega
--

ALTER TABLE ONLY public.colegioapp_asignacionprofesorsede_dias_trabajados
    ADD CONSTRAINT colegioapp_asignacionprofesorsede_dias_trabajados_pkey PRIMARY KEY (id);


--
-- Name: colegioapp_asignacionprofesorsede colegioapp_asignacionprofesorsede_pkey; Type: CONSTRAINT; Schema: public; Owner: jortega
--

ALTER TABLE ONLY public.colegioapp_asignacionprofesorsede
    ADD CONSTRAINT colegioapp_asignacionprofesorsede_pkey PRIMARY KEY (id);


--
-- Name: colegioapp_asignatura colegioapp_asignatura_codigo_key; Type: CONSTRAINT; Schema: public; Owner: jortega
--

ALTER TABLE ONLY public.colegioapp_asignatura
    ADD CONSTRAINT colegioapp_asignatura_codigo_key UNIQUE (codigo);


--
-- Name: colegioapp_asignatura colegioapp_asignatura_pkey; Type: CONSTRAINT; Schema: public; Owner: jortega
--

ALTER TABLE ONLY public.colegioapp_asignatura
    ADD CONSTRAINT colegioapp_asignatura_pkey PRIMARY KEY (id);


--
-- Name: colegioapp_calificacion colegioapp_calificacion_matricula_id_asignatura__b61daa5f_uniq; Type: CONSTRAINT; Schema: public; Owner: jortega
--

ALTER TABLE ONLY public.colegioapp_calificacion
    ADD CONSTRAINT colegioapp_calificacion_matricula_id_asignatura__b61daa5f_uniq UNIQUE (matricula_id, asignatura_id, semestre, tipo);


--
-- Name: colegioapp_calificacion colegioapp_calificacion_pkey; Type: CONSTRAINT; Schema: public; Owner: jortega
--

ALTER TABLE ONLY public.colegioapp_calificacion
    ADD CONSTRAINT colegioapp_calificacion_pkey PRIMARY KEY (id);


--
-- Name: colegioapp_curso colegioapp_curso_pkey; Type: CONSTRAINT; Schema: public; Owner: jortega
--

ALTER TABLE ONLY public.colegioapp_curso
    ADD CONSTRAINT colegioapp_curso_pkey PRIMARY KEY (id);


--
-- Name: colegioapp_diasemana colegioapp_diasemana_nombre_key; Type: CONSTRAINT; Schema: public; Owner: jortega
--

ALTER TABLE ONLY public.colegioapp_diasemana
    ADD CONSTRAINT colegioapp_diasemana_nombre_key UNIQUE (nombre);


--
-- Name: colegioapp_diasemana colegioapp_diasemana_pkey; Type: CONSTRAINT; Schema: public; Owner: jortega
--

ALTER TABLE ONLY public.colegioapp_diasemana
    ADD CONSTRAINT colegioapp_diasemana_pkey PRIMARY KEY (id);


--
-- Name: colegioapp_horario colegioapp_horario_pkey; Type: CONSTRAINT; Schema: public; Owner: jortega
--

ALTER TABLE ONLY public.colegioapp_horario
    ADD CONSTRAINT colegioapp_horario_pkey PRIMARY KEY (id);


--
-- Name: colegioapp_matricula colegioapp_matricula_alumno_id_curso_id_año_s_ed954267_uniq; Type: CONSTRAINT; Schema: public; Owner: jortega
--

ALTER TABLE ONLY public.colegioapp_matricula
    ADD CONSTRAINT "colegioapp_matricula_alumno_id_curso_id_año_s_ed954267_uniq" UNIQUE (alumno_id, curso_id, "año", sede_id);


--
-- Name: colegioapp_matricula colegioapp_matricula_pkey; Type: CONSTRAINT; Schema: public; Owner: jortega
--

ALTER TABLE ONLY public.colegioapp_matricula
    ADD CONSTRAINT colegioapp_matricula_pkey PRIMARY KEY (id);


--
-- Name: colegioapp_pagomensualidad colegioapp_pagomensualidad_matricula_id_mes_año_2319612e_uniq; Type: CONSTRAINT; Schema: public; Owner: jortega
--

ALTER TABLE ONLY public.colegioapp_pagomensualidad
    ADD CONSTRAINT "colegioapp_pagomensualidad_matricula_id_mes_año_2319612e_uniq" UNIQUE (matricula_id, mes, "año");


--
-- Name: colegioapp_pagomensualidad colegioapp_pagomensualidad_pkey; Type: CONSTRAINT; Schema: public; Owner: jortega
--

ALTER TABLE ONLY public.colegioapp_pagomensualidad
    ADD CONSTRAINT colegioapp_pagomensualidad_pkey PRIMARY KEY (id);


--
-- Name: colegioapp_registroasistencia colegioapp_registroasist_matricula_id_fecha_hora__9f75ec18_uniq; Type: CONSTRAINT; Schema: public; Owner: jortega
--

ALTER TABLE ONLY public.colegioapp_registroasistencia
    ADD CONSTRAINT colegioapp_registroasist_matricula_id_fecha_hora__9f75ec18_uniq UNIQUE (matricula_id, fecha_hora, asignatura_id);


--
-- Name: colegioapp_registroasistencia colegioapp_registroasistencia_pkey; Type: CONSTRAINT; Schema: public; Owner: jortega
--

ALTER TABLE ONLY public.colegioapp_registroasistencia
    ADD CONSTRAINT colegioapp_registroasistencia_pkey PRIMARY KEY (id);


--
-- Name: colegioapp_sede colegioapp_sede_email_key; Type: CONSTRAINT; Schema: public; Owner: jortega
--

ALTER TABLE ONLY public.colegioapp_sede
    ADD CONSTRAINT colegioapp_sede_email_key UNIQUE (email);


--
-- Name: colegioapp_sede colegioapp_sede_pkey; Type: CONSTRAINT; Schema: public; Owner: jortega
--

ALTER TABLE ONLY public.colegioapp_sede
    ADD CONSTRAINT colegioapp_sede_pkey PRIMARY KEY (id);


--
-- Name: colegioapp_usuario_groups colegioapp_usuario_groups_pkey; Type: CONSTRAINT; Schema: public; Owner: jortega
--

ALTER TABLE ONLY public.colegioapp_usuario_groups
    ADD CONSTRAINT colegioapp_usuario_groups_pkey PRIMARY KEY (id);


--
-- Name: colegioapp_usuario_groups colegioapp_usuario_groups_usuario_id_group_id_9f069003_uniq; Type: CONSTRAINT; Schema: public; Owner: jortega
--

ALTER TABLE ONLY public.colegioapp_usuario_groups
    ADD CONSTRAINT colegioapp_usuario_groups_usuario_id_group_id_9f069003_uniq UNIQUE (usuario_id, group_id);


--
-- Name: colegioapp_usuario colegioapp_usuario_pkey; Type: CONSTRAINT; Schema: public; Owner: jortega
--

ALTER TABLE ONLY public.colegioapp_usuario
    ADD CONSTRAINT colegioapp_usuario_pkey PRIMARY KEY (id);


--
-- Name: colegioapp_usuario colegioapp_usuario_rut_key; Type: CONSTRAINT; Schema: public; Owner: jortega
--

ALTER TABLE ONLY public.colegioapp_usuario
    ADD CONSTRAINT colegioapp_usuario_rut_key UNIQUE (rut);


--
-- Name: colegioapp_usuario_user_permissions colegioapp_usuario_user__usuario_id_permission_id_f5f4497c_uniq; Type: CONSTRAINT; Schema: public; Owner: jortega
--

ALTER TABLE ONLY public.colegioapp_usuario_user_permissions
    ADD CONSTRAINT colegioapp_usuario_user__usuario_id_permission_id_f5f4497c_uniq UNIQUE (usuario_id, permission_id);


--
-- Name: colegioapp_usuario_user_permissions colegioapp_usuario_user_permissions_pkey; Type: CONSTRAINT; Schema: public; Owner: jortega
--

ALTER TABLE ONLY public.colegioapp_usuario_user_permissions
    ADD CONSTRAINT colegioapp_usuario_user_permissions_pkey PRIMARY KEY (id);


--
-- Name: colegioapp_usuario colegioapp_usuario_username_key; Type: CONSTRAINT; Schema: public; Owner: jortega
--

ALTER TABLE ONLY public.colegioapp_usuario
    ADD CONSTRAINT colegioapp_usuario_username_key UNIQUE (username);


--
-- Name: django_admin_log django_admin_log_pkey; Type: CONSTRAINT; Schema: public; Owner: jortega
--

ALTER TABLE ONLY public.django_admin_log
    ADD CONSTRAINT django_admin_log_pkey PRIMARY KEY (id);


--
-- Name: django_content_type django_content_type_app_label_model_76bd3d3b_uniq; Type: CONSTRAINT; Schema: public; Owner: jortega
--

ALTER TABLE ONLY public.django_content_type
    ADD CONSTRAINT django_content_type_app_label_model_76bd3d3b_uniq UNIQUE (app_label, model);


--
-- Name: django_content_type django_content_type_pkey; Type: CONSTRAINT; Schema: public; Owner: jortega
--

ALTER TABLE ONLY public.django_content_type
    ADD CONSTRAINT django_content_type_pkey PRIMARY KEY (id);


--
-- Name: django_migrations django_migrations_pkey; Type: CONSTRAINT; Schema: public; Owner: jortega
--

ALTER TABLE ONLY public.django_migrations
    ADD CONSTRAINT django_migrations_pkey PRIMARY KEY (id);


--
-- Name: django_session django_session_pkey; Type: CONSTRAINT; Schema: public; Owner: jortega
--

ALTER TABLE ONLY public.django_session
    ADD CONSTRAINT django_session_pkey PRIMARY KEY (session_key);


--
-- Name: auth_group_name_a6ea08ec_like; Type: INDEX; Schema: public; Owner: jortega
--

CREATE INDEX auth_group_name_a6ea08ec_like ON public.auth_group USING btree (name varchar_pattern_ops);


--
-- Name: auth_group_permissions_group_id_b120cbf9; Type: INDEX; Schema: public; Owner: jortega
--

CREATE INDEX auth_group_permissions_group_id_b120cbf9 ON public.auth_group_permissions USING btree (group_id);


--
-- Name: auth_group_permissions_permission_id_84c5c92e; Type: INDEX; Schema: public; Owner: jortega
--

CREATE INDEX auth_group_permissions_permission_id_84c5c92e ON public.auth_group_permissions USING btree (permission_id);


--
-- Name: auth_permission_content_type_id_2f476e4b; Type: INDEX; Schema: public; Owner: jortega
--

CREATE INDEX auth_permission_content_type_id_2f476e4b ON public.auth_permission USING btree (content_type_id);


--
-- Name: colegioapp_apoderado_alumnos_apoderado_id_498dd6e8; Type: INDEX; Schema: public; Owner: jortega
--

CREATE INDEX colegioapp_apoderado_alumnos_apoderado_id_498dd6e8 ON public.colegioapp_apoderado_alumnos USING btree (apoderado_id);


--
-- Name: colegioapp_apoderado_alumnos_usuario_id_646e3432; Type: INDEX; Schema: public; Owner: jortega
--

CREATE INDEX colegioapp_apoderado_alumnos_usuario_id_646e3432 ON public.colegioapp_apoderado_alumnos USING btree (usuario_id);


--
-- Name: colegioapp_asignacionprofe_asignacionprofesorsede_id_6a2d3202; Type: INDEX; Schema: public; Owner: jortega
--

CREATE INDEX colegioapp_asignacionprofe_asignacionprofesorsede_id_6a2d3202 ON public.colegioapp_asignacionprofesorsede_dias_trabajados USING btree (asignacionprofesorsede_id);


--
-- Name: colegioapp_asignacionprofe_diasemana_id_6e653a8b; Type: INDEX; Schema: public; Owner: jortega
--

CREATE INDEX colegioapp_asignacionprofe_diasemana_id_6e653a8b ON public.colegioapp_asignacionprofesorsede_dias_trabajados USING btree (diasemana_id);


--
-- Name: colegioapp_asignacionprofesorsede_sede_id_72622908; Type: INDEX; Schema: public; Owner: jortega
--

CREATE INDEX colegioapp_asignacionprofesorsede_sede_id_72622908 ON public.colegioapp_asignacionprofesorsede USING btree (sede_id);


--
-- Name: colegioapp_asignacionprofesorsede_usuario_id_04549ef7; Type: INDEX; Schema: public; Owner: jortega
--

CREATE INDEX colegioapp_asignacionprofesorsede_usuario_id_04549ef7 ON public.colegioapp_asignacionprofesorsede USING btree (usuario_id);


--
-- Name: colegioapp_asignatura_codigo_f71100f6_like; Type: INDEX; Schema: public; Owner: jortega
--

CREATE INDEX colegioapp_asignatura_codigo_f71100f6_like ON public.colegioapp_asignatura USING btree (codigo varchar_pattern_ops);


--
-- Name: colegioapp_asignatura_curso_id_e71d14c8; Type: INDEX; Schema: public; Owner: jortega
--

CREATE INDEX colegioapp_asignatura_curso_id_e71d14c8 ON public.colegioapp_asignatura USING btree (curso_id);


--
-- Name: colegioapp_asignatura_profesor_id_fe7ebc38; Type: INDEX; Schema: public; Owner: jortega
--

CREATE INDEX colegioapp_asignatura_profesor_id_fe7ebc38 ON public.colegioapp_asignatura USING btree (profesor_id);


--
-- Name: colegioapp_asignatura_sede_id_f3384d76; Type: INDEX; Schema: public; Owner: jortega
--

CREATE INDEX colegioapp_asignatura_sede_id_f3384d76 ON public.colegioapp_asignatura USING btree (sede_id);


--
-- Name: colegioapp_calificacion_asignatura_id_0f490142; Type: INDEX; Schema: public; Owner: jortega
--

CREATE INDEX colegioapp_calificacion_asignatura_id_0f490142 ON public.colegioapp_calificacion USING btree (asignatura_id);


--
-- Name: colegioapp_calificacion_matricula_id_f794507e; Type: INDEX; Schema: public; Owner: jortega
--

CREATE INDEX colegioapp_calificacion_matricula_id_f794507e ON public.colegioapp_calificacion USING btree (matricula_id);


--
-- Name: colegioapp_calificacion_profesor_id_5581749f; Type: INDEX; Schema: public; Owner: jortega
--

CREATE INDEX colegioapp_calificacion_profesor_id_5581749f ON public.colegioapp_calificacion USING btree (profesor_id);


--
-- Name: colegioapp_curso_profesor_jefe_id_4dfc42db; Type: INDEX; Schema: public; Owner: jortega
--

CREATE INDEX colegioapp_curso_profesor_jefe_id_4dfc42db ON public.colegioapp_curso USING btree (profesor_jefe_id);


--
-- Name: colegioapp_curso_sede_id_6ccf8358; Type: INDEX; Schema: public; Owner: jortega
--

CREATE INDEX colegioapp_curso_sede_id_6ccf8358 ON public.colegioapp_curso USING btree (sede_id);


--
-- Name: colegioapp_diasemana_nombre_e96a28b5_like; Type: INDEX; Schema: public; Owner: jortega
--

CREATE INDEX colegioapp_diasemana_nombre_e96a28b5_like ON public.colegioapp_diasemana USING btree (nombre varchar_pattern_ops);


--
-- Name: colegioapp_horario_asignacion_profesor_sede_id_fac80f7b; Type: INDEX; Schema: public; Owner: jortega
--

CREATE INDEX colegioapp_horario_asignacion_profesor_sede_id_fac80f7b ON public.colegioapp_horario USING btree (asignacion_profesor_sede_id);


--
-- Name: colegioapp_horario_asignatura_id_b44c29ce; Type: INDEX; Schema: public; Owner: jortega
--

CREATE INDEX colegioapp_horario_asignatura_id_b44c29ce ON public.colegioapp_horario USING btree (asignatura_id);


--
-- Name: colegioapp_horario_curso_id_04ec463c; Type: INDEX; Schema: public; Owner: jortega
--

CREATE INDEX colegioapp_horario_curso_id_04ec463c ON public.colegioapp_horario USING btree (curso_id);


--
-- Name: colegioapp_horario_dia_id_465d0959; Type: INDEX; Schema: public; Owner: jortega
--

CREATE INDEX colegioapp_horario_dia_id_465d0959 ON public.colegioapp_horario USING btree (dia_id);


--
-- Name: colegioapp_matricula_alumno_id_46893b88; Type: INDEX; Schema: public; Owner: jortega
--

CREATE INDEX colegioapp_matricula_alumno_id_46893b88 ON public.colegioapp_matricula USING btree (alumno_id);


--
-- Name: colegioapp_matricula_curso_id_7f342bd8; Type: INDEX; Schema: public; Owner: jortega
--

CREATE INDEX colegioapp_matricula_curso_id_7f342bd8 ON public.colegioapp_matricula USING btree (curso_id);


--
-- Name: colegioapp_matricula_sede_id_3f98c5d6; Type: INDEX; Schema: public; Owner: jortega
--

CREATE INDEX colegioapp_matricula_sede_id_3f98c5d6 ON public.colegioapp_matricula USING btree (sede_id);


--
-- Name: colegioapp_matricula_usuario_creacion_id_2e0be1f2; Type: INDEX; Schema: public; Owner: jortega
--

CREATE INDEX colegioapp_matricula_usuario_creacion_id_2e0be1f2 ON public.colegioapp_matricula USING btree (usuario_creacion_id);


--
-- Name: colegioapp_pagomensualidad_matricula_id_6d685e97; Type: INDEX; Schema: public; Owner: jortega
--

CREATE INDEX colegioapp_pagomensualidad_matricula_id_6d685e97 ON public.colegioapp_pagomensualidad USING btree (matricula_id);


--
-- Name: colegioapp_registroasistencia_asignatura_id_29c844ba; Type: INDEX; Schema: public; Owner: jortega
--

CREATE INDEX colegioapp_registroasistencia_asignatura_id_29c844ba ON public.colegioapp_registroasistencia USING btree (asignatura_id);


--
-- Name: colegioapp_registroasistencia_matricula_id_89994bc7; Type: INDEX; Schema: public; Owner: jortega
--

CREATE INDEX colegioapp_registroasistencia_matricula_id_89994bc7 ON public.colegioapp_registroasistencia USING btree (matricula_id);


--
-- Name: colegioapp_sede_email_844f892e_like; Type: INDEX; Schema: public; Owner: jortega
--

CREATE INDEX colegioapp_sede_email_844f892e_like ON public.colegioapp_sede USING btree (email varchar_pattern_ops);


--
-- Name: colegioapp_usuario_groups_group_id_6662007c; Type: INDEX; Schema: public; Owner: jortega
--

CREATE INDEX colegioapp_usuario_groups_group_id_6662007c ON public.colegioapp_usuario_groups USING btree (group_id);


--
-- Name: colegioapp_usuario_groups_usuario_id_b9410648; Type: INDEX; Schema: public; Owner: jortega
--

CREATE INDEX colegioapp_usuario_groups_usuario_id_b9410648 ON public.colegioapp_usuario_groups USING btree (usuario_id);


--
-- Name: colegioapp_usuario_rut_cf2b6f41_like; Type: INDEX; Schema: public; Owner: jortega
--

CREATE INDEX colegioapp_usuario_rut_cf2b6f41_like ON public.colegioapp_usuario USING btree (rut varchar_pattern_ops);


--
-- Name: colegioapp_usuario_user_permissions_permission_id_93be63e2; Type: INDEX; Schema: public; Owner: jortega
--

CREATE INDEX colegioapp_usuario_user_permissions_permission_id_93be63e2 ON public.colegioapp_usuario_user_permissions USING btree (permission_id);


--
-- Name: colegioapp_usuario_user_permissions_usuario_id_b554921c; Type: INDEX; Schema: public; Owner: jortega
--

CREATE INDEX colegioapp_usuario_user_permissions_usuario_id_b554921c ON public.colegioapp_usuario_user_permissions USING btree (usuario_id);


--
-- Name: colegioapp_usuario_username_eca3a55c_like; Type: INDEX; Schema: public; Owner: jortega
--

CREATE INDEX colegioapp_usuario_username_eca3a55c_like ON public.colegioapp_usuario USING btree (username varchar_pattern_ops);


--
-- Name: django_admin_log_content_type_id_c4bce8eb; Type: INDEX; Schema: public; Owner: jortega
--

CREATE INDEX django_admin_log_content_type_id_c4bce8eb ON public.django_admin_log USING btree (content_type_id);


--
-- Name: django_admin_log_user_id_c564eba6; Type: INDEX; Schema: public; Owner: jortega
--

CREATE INDEX django_admin_log_user_id_c564eba6 ON public.django_admin_log USING btree (user_id);


--
-- Name: django_session_expire_date_a5c62663; Type: INDEX; Schema: public; Owner: jortega
--

CREATE INDEX django_session_expire_date_a5c62663 ON public.django_session USING btree (expire_date);


--
-- Name: django_session_session_key_c0390e0f_like; Type: INDEX; Schema: public; Owner: jortega
--

CREATE INDEX django_session_session_key_c0390e0f_like ON public.django_session USING btree (session_key varchar_pattern_ops);


--
-- Name: auth_group_permissions auth_group_permissio_permission_id_84c5c92e_fk_auth_perm; Type: FK CONSTRAINT; Schema: public; Owner: jortega
--

ALTER TABLE ONLY public.auth_group_permissions
    ADD CONSTRAINT auth_group_permissio_permission_id_84c5c92e_fk_auth_perm FOREIGN KEY (permission_id) REFERENCES public.auth_permission(id) DEFERRABLE INITIALLY DEFERRED;


--
-- Name: auth_group_permissions auth_group_permissions_group_id_b120cbf9_fk_auth_group_id; Type: FK CONSTRAINT; Schema: public; Owner: jortega
--

ALTER TABLE ONLY public.auth_group_permissions
    ADD CONSTRAINT auth_group_permissions_group_id_b120cbf9_fk_auth_group_id FOREIGN KEY (group_id) REFERENCES public.auth_group(id) DEFERRABLE INITIALLY DEFERRED;


--
-- Name: auth_permission auth_permission_content_type_id_2f476e4b_fk_django_co; Type: FK CONSTRAINT; Schema: public; Owner: jortega
--

ALTER TABLE ONLY public.auth_permission
    ADD CONSTRAINT auth_permission_content_type_id_2f476e4b_fk_django_co FOREIGN KEY (content_type_id) REFERENCES public.django_content_type(id) DEFERRABLE INITIALLY DEFERRED;


--
-- Name: colegioapp_apoderado_alumnos colegioapp_apoderado_apoderado_id_498dd6e8_fk_colegioap; Type: FK CONSTRAINT; Schema: public; Owner: jortega
--

ALTER TABLE ONLY public.colegioapp_apoderado_alumnos
    ADD CONSTRAINT colegioapp_apoderado_apoderado_id_498dd6e8_fk_colegioap FOREIGN KEY (apoderado_id) REFERENCES public.colegioapp_apoderado(usuario_id) DEFERRABLE INITIALLY DEFERRED;


--
-- Name: colegioapp_apoderado colegioapp_apoderado_usuario_id_2e7f30b5_fk_colegioap; Type: FK CONSTRAINT; Schema: public; Owner: jortega
--

ALTER TABLE ONLY public.colegioapp_apoderado
    ADD CONSTRAINT colegioapp_apoderado_usuario_id_2e7f30b5_fk_colegioap FOREIGN KEY (usuario_id) REFERENCES public.colegioapp_usuario(id) DEFERRABLE INITIALLY DEFERRED;


--
-- Name: colegioapp_apoderado_alumnos colegioapp_apoderado_usuario_id_646e3432_fk_colegioap; Type: FK CONSTRAINT; Schema: public; Owner: jortega
--

ALTER TABLE ONLY public.colegioapp_apoderado_alumnos
    ADD CONSTRAINT colegioapp_apoderado_usuario_id_646e3432_fk_colegioap FOREIGN KEY (usuario_id) REFERENCES public.colegioapp_usuario(id) DEFERRABLE INITIALLY DEFERRED;


--
-- Name: colegioapp_asignacionprofesorsede_dias_trabajados colegioapp_asignacio_asignacionprofesorse_6a2d3202_fk_colegioap; Type: FK CONSTRAINT; Schema: public; Owner: jortega
--

ALTER TABLE ONLY public.colegioapp_asignacionprofesorsede_dias_trabajados
    ADD CONSTRAINT colegioapp_asignacio_asignacionprofesorse_6a2d3202_fk_colegioap FOREIGN KEY (asignacionprofesorsede_id) REFERENCES public.colegioapp_asignacionprofesorsede(id) DEFERRABLE INITIALLY DEFERRED;


--
-- Name: colegioapp_asignacionprofesorsede_dias_trabajados colegioapp_asignacio_diasemana_id_6e653a8b_fk_colegioap; Type: FK CONSTRAINT; Schema: public; Owner: jortega
--

ALTER TABLE ONLY public.colegioapp_asignacionprofesorsede_dias_trabajados
    ADD CONSTRAINT colegioapp_asignacio_diasemana_id_6e653a8b_fk_colegioap FOREIGN KEY (diasemana_id) REFERENCES public.colegioapp_diasemana(id) DEFERRABLE INITIALLY DEFERRED;


--
-- Name: colegioapp_asignacionprofesorsede colegioapp_asignacio_sede_id_72622908_fk_colegioap; Type: FK CONSTRAINT; Schema: public; Owner: jortega
--

ALTER TABLE ONLY public.colegioapp_asignacionprofesorsede
    ADD CONSTRAINT colegioapp_asignacio_sede_id_72622908_fk_colegioap FOREIGN KEY (sede_id) REFERENCES public.colegioapp_sede(id) DEFERRABLE INITIALLY DEFERRED;


--
-- Name: colegioapp_asignacionprofesorsede colegioapp_asignacio_usuario_id_04549ef7_fk_colegioap; Type: FK CONSTRAINT; Schema: public; Owner: jortega
--

ALTER TABLE ONLY public.colegioapp_asignacionprofesorsede
    ADD CONSTRAINT colegioapp_asignacio_usuario_id_04549ef7_fk_colegioap FOREIGN KEY (usuario_id) REFERENCES public.colegioapp_usuario(id) DEFERRABLE INITIALLY DEFERRED;


--
-- Name: colegioapp_asignatura colegioapp_asignatur_profesor_id_fe7ebc38_fk_colegioap; Type: FK CONSTRAINT; Schema: public; Owner: jortega
--

ALTER TABLE ONLY public.colegioapp_asignatura
    ADD CONSTRAINT colegioapp_asignatur_profesor_id_fe7ebc38_fk_colegioap FOREIGN KEY (profesor_id) REFERENCES public.colegioapp_usuario(id) DEFERRABLE INITIALLY DEFERRED;


--
-- Name: colegioapp_asignatura colegioapp_asignatura_curso_id_e71d14c8_fk_colegioapp_curso_id; Type: FK CONSTRAINT; Schema: public; Owner: jortega
--

ALTER TABLE ONLY public.colegioapp_asignatura
    ADD CONSTRAINT colegioapp_asignatura_curso_id_e71d14c8_fk_colegioapp_curso_id FOREIGN KEY (curso_id) REFERENCES public.colegioapp_curso(id) DEFERRABLE INITIALLY DEFERRED;


--
-- Name: colegioapp_asignatura colegioapp_asignatura_sede_id_f3384d76_fk_colegioapp_sede_id; Type: FK CONSTRAINT; Schema: public; Owner: jortega
--

ALTER TABLE ONLY public.colegioapp_asignatura
    ADD CONSTRAINT colegioapp_asignatura_sede_id_f3384d76_fk_colegioapp_sede_id FOREIGN KEY (sede_id) REFERENCES public.colegioapp_sede(id) DEFERRABLE INITIALLY DEFERRED;


--
-- Name: colegioapp_calificacion colegioapp_calificac_asignatura_id_0f490142_fk_colegioap; Type: FK CONSTRAINT; Schema: public; Owner: jortega
--

ALTER TABLE ONLY public.colegioapp_calificacion
    ADD CONSTRAINT colegioapp_calificac_asignatura_id_0f490142_fk_colegioap FOREIGN KEY (asignatura_id) REFERENCES public.colegioapp_asignatura(id) DEFERRABLE INITIALLY DEFERRED;


--
-- Name: colegioapp_calificacion colegioapp_calificac_matricula_id_f794507e_fk_colegioap; Type: FK CONSTRAINT; Schema: public; Owner: jortega
--

ALTER TABLE ONLY public.colegioapp_calificacion
    ADD CONSTRAINT colegioapp_calificac_matricula_id_f794507e_fk_colegioap FOREIGN KEY (matricula_id) REFERENCES public.colegioapp_matricula(id) DEFERRABLE INITIALLY DEFERRED;


--
-- Name: colegioapp_calificacion colegioapp_calificac_profesor_id_5581749f_fk_colegioap; Type: FK CONSTRAINT; Schema: public; Owner: jortega
--

ALTER TABLE ONLY public.colegioapp_calificacion
    ADD CONSTRAINT colegioapp_calificac_profesor_id_5581749f_fk_colegioap FOREIGN KEY (profesor_id) REFERENCES public.colegioapp_usuario(id) DEFERRABLE INITIALLY DEFERRED;


--
-- Name: colegioapp_curso colegioapp_curso_profesor_jefe_id_4dfc42db_fk_colegioap; Type: FK CONSTRAINT; Schema: public; Owner: jortega
--

ALTER TABLE ONLY public.colegioapp_curso
    ADD CONSTRAINT colegioapp_curso_profesor_jefe_id_4dfc42db_fk_colegioap FOREIGN KEY (profesor_jefe_id) REFERENCES public.colegioapp_usuario(id) DEFERRABLE INITIALLY DEFERRED;


--
-- Name: colegioapp_curso colegioapp_curso_sede_id_6ccf8358_fk_colegioapp_sede_id; Type: FK CONSTRAINT; Schema: public; Owner: jortega
--

ALTER TABLE ONLY public.colegioapp_curso
    ADD CONSTRAINT colegioapp_curso_sede_id_6ccf8358_fk_colegioapp_sede_id FOREIGN KEY (sede_id) REFERENCES public.colegioapp_sede(id) DEFERRABLE INITIALLY DEFERRED;


--
-- Name: colegioapp_horario colegioapp_horario_asignacion_profesor__fac80f7b_fk_colegioap; Type: FK CONSTRAINT; Schema: public; Owner: jortega
--

ALTER TABLE ONLY public.colegioapp_horario
    ADD CONSTRAINT colegioapp_horario_asignacion_profesor__fac80f7b_fk_colegioap FOREIGN KEY (asignacion_profesor_sede_id) REFERENCES public.colegioapp_asignacionprofesorsede(id) DEFERRABLE INITIALLY DEFERRED;


--
-- Name: colegioapp_horario colegioapp_horario_asignatura_id_b44c29ce_fk_colegioap; Type: FK CONSTRAINT; Schema: public; Owner: jortega
--

ALTER TABLE ONLY public.colegioapp_horario
    ADD CONSTRAINT colegioapp_horario_asignatura_id_b44c29ce_fk_colegioap FOREIGN KEY (asignatura_id) REFERENCES public.colegioapp_asignatura(id) DEFERRABLE INITIALLY DEFERRED;


--
-- Name: colegioapp_horario colegioapp_horario_curso_id_04ec463c_fk_colegioapp_curso_id; Type: FK CONSTRAINT; Schema: public; Owner: jortega
--

ALTER TABLE ONLY public.colegioapp_horario
    ADD CONSTRAINT colegioapp_horario_curso_id_04ec463c_fk_colegioapp_curso_id FOREIGN KEY (curso_id) REFERENCES public.colegioapp_curso(id) DEFERRABLE INITIALLY DEFERRED;


--
-- Name: colegioapp_horario colegioapp_horario_dia_id_465d0959_fk_colegioapp_diasemana_id; Type: FK CONSTRAINT; Schema: public; Owner: jortega
--

ALTER TABLE ONLY public.colegioapp_horario
    ADD CONSTRAINT colegioapp_horario_dia_id_465d0959_fk_colegioapp_diasemana_id FOREIGN KEY (dia_id) REFERENCES public.colegioapp_diasemana(id) DEFERRABLE INITIALLY DEFERRED;


--
-- Name: colegioapp_matricula colegioapp_matricula_alumno_id_46893b88_fk_colegioap; Type: FK CONSTRAINT; Schema: public; Owner: jortega
--

ALTER TABLE ONLY public.colegioapp_matricula
    ADD CONSTRAINT colegioapp_matricula_alumno_id_46893b88_fk_colegioap FOREIGN KEY (alumno_id) REFERENCES public.colegioapp_usuario(id) DEFERRABLE INITIALLY DEFERRED;


--
-- Name: colegioapp_matricula colegioapp_matricula_curso_id_7f342bd8_fk_colegioapp_curso_id; Type: FK CONSTRAINT; Schema: public; Owner: jortega
--

ALTER TABLE ONLY public.colegioapp_matricula
    ADD CONSTRAINT colegioapp_matricula_curso_id_7f342bd8_fk_colegioapp_curso_id FOREIGN KEY (curso_id) REFERENCES public.colegioapp_curso(id) DEFERRABLE INITIALLY DEFERRED;


--
-- Name: colegioapp_matricula colegioapp_matricula_sede_id_3f98c5d6_fk_colegioapp_sede_id; Type: FK CONSTRAINT; Schema: public; Owner: jortega
--

ALTER TABLE ONLY public.colegioapp_matricula
    ADD CONSTRAINT colegioapp_matricula_sede_id_3f98c5d6_fk_colegioapp_sede_id FOREIGN KEY (sede_id) REFERENCES public.colegioapp_sede(id) DEFERRABLE INITIALLY DEFERRED;


--
-- Name: colegioapp_matricula colegioapp_matricula_usuario_creacion_id_2e0be1f2_fk_colegioap; Type: FK CONSTRAINT; Schema: public; Owner: jortega
--

ALTER TABLE ONLY public.colegioapp_matricula
    ADD CONSTRAINT colegioapp_matricula_usuario_creacion_id_2e0be1f2_fk_colegioap FOREIGN KEY (usuario_creacion_id) REFERENCES public.colegioapp_usuario(id) DEFERRABLE INITIALLY DEFERRED;


--
-- Name: colegioapp_pagomensualidad colegioapp_pagomensu_matricula_id_6d685e97_fk_colegioap; Type: FK CONSTRAINT; Schema: public; Owner: jortega
--

ALTER TABLE ONLY public.colegioapp_pagomensualidad
    ADD CONSTRAINT colegioapp_pagomensu_matricula_id_6d685e97_fk_colegioap FOREIGN KEY (matricula_id) REFERENCES public.colegioapp_matricula(id) DEFERRABLE INITIALLY DEFERRED;


--
-- Name: colegioapp_registroasistencia colegioapp_registroa_asignatura_id_29c844ba_fk_colegioap; Type: FK CONSTRAINT; Schema: public; Owner: jortega
--

ALTER TABLE ONLY public.colegioapp_registroasistencia
    ADD CONSTRAINT colegioapp_registroa_asignatura_id_29c844ba_fk_colegioap FOREIGN KEY (asignatura_id) REFERENCES public.colegioapp_asignatura(id) DEFERRABLE INITIALLY DEFERRED;


--
-- Name: colegioapp_registroasistencia colegioapp_registroa_matricula_id_89994bc7_fk_colegioap; Type: FK CONSTRAINT; Schema: public; Owner: jortega
--

ALTER TABLE ONLY public.colegioapp_registroasistencia
    ADD CONSTRAINT colegioapp_registroa_matricula_id_89994bc7_fk_colegioap FOREIGN KEY (matricula_id) REFERENCES public.colegioapp_matricula(id) DEFERRABLE INITIALLY DEFERRED;


--
-- Name: colegioapp_usuario_groups colegioapp_usuario_g_usuario_id_b9410648_fk_colegioap; Type: FK CONSTRAINT; Schema: public; Owner: jortega
--

ALTER TABLE ONLY public.colegioapp_usuario_groups
    ADD CONSTRAINT colegioapp_usuario_g_usuario_id_b9410648_fk_colegioap FOREIGN KEY (usuario_id) REFERENCES public.colegioapp_usuario(id) DEFERRABLE INITIALLY DEFERRED;


--
-- Name: colegioapp_usuario_groups colegioapp_usuario_groups_group_id_6662007c_fk_auth_group_id; Type: FK CONSTRAINT; Schema: public; Owner: jortega
--

ALTER TABLE ONLY public.colegioapp_usuario_groups
    ADD CONSTRAINT colegioapp_usuario_groups_group_id_6662007c_fk_auth_group_id FOREIGN KEY (group_id) REFERENCES public.auth_group(id) DEFERRABLE INITIALLY DEFERRED;


--
-- Name: colegioapp_usuario_user_permissions colegioapp_usuario_u_permission_id_93be63e2_fk_auth_perm; Type: FK CONSTRAINT; Schema: public; Owner: jortega
--

ALTER TABLE ONLY public.colegioapp_usuario_user_permissions
    ADD CONSTRAINT colegioapp_usuario_u_permission_id_93be63e2_fk_auth_perm FOREIGN KEY (permission_id) REFERENCES public.auth_permission(id) DEFERRABLE INITIALLY DEFERRED;


--
-- Name: colegioapp_usuario_user_permissions colegioapp_usuario_u_usuario_id_b554921c_fk_colegioap; Type: FK CONSTRAINT; Schema: public; Owner: jortega
--

ALTER TABLE ONLY public.colegioapp_usuario_user_permissions
    ADD CONSTRAINT colegioapp_usuario_u_usuario_id_b554921c_fk_colegioap FOREIGN KEY (usuario_id) REFERENCES public.colegioapp_usuario(id) DEFERRABLE INITIALLY DEFERRED;


--
-- Name: django_admin_log django_admin_log_content_type_id_c4bce8eb_fk_django_co; Type: FK CONSTRAINT; Schema: public; Owner: jortega
--

ALTER TABLE ONLY public.django_admin_log
    ADD CONSTRAINT django_admin_log_content_type_id_c4bce8eb_fk_django_co FOREIGN KEY (content_type_id) REFERENCES public.django_content_type(id) DEFERRABLE INITIALLY DEFERRED;


--
-- Name: django_admin_log django_admin_log_user_id_c564eba6_fk_colegioapp_usuario_id; Type: FK CONSTRAINT; Schema: public; Owner: jortega
--

ALTER TABLE ONLY public.django_admin_log
    ADD CONSTRAINT django_admin_log_user_id_c564eba6_fk_colegioapp_usuario_id FOREIGN KEY (user_id) REFERENCES public.colegioapp_usuario(id) DEFERRABLE INITIALLY DEFERRED;


--
-- Name: DEFAULT PRIVILEGES FOR SEQUENCES; Type: DEFAULT ACL; Schema: public; Owner: postgres
--

ALTER DEFAULT PRIVILEGES FOR ROLE postgres IN SCHEMA public GRANT SELECT,USAGE ON SEQUENCES  TO jortega;


--
-- Name: DEFAULT PRIVILEGES FOR TABLES; Type: DEFAULT ACL; Schema: public; Owner: postgres
--

ALTER DEFAULT PRIVILEGES FOR ROLE postgres IN SCHEMA public GRANT ALL ON TABLES  TO jortega;


--
-- PostgreSQL database dump complete
--

